timestamp,rpm,target_rpm,temperature,power,pressure
1,750.6094341595089,750.0,29.99110760309611,10.427380460753234,5.0
2,757.3445617000335,759.4245299125145,31.2096505090799,10.71831494467099,4.948838835772409
3,770.348473974116,768.8475715825031,32.57336493664691,11.033496061284172,4.895614721225661
4,780.1487664352334,778.2676370024509,34.04201732942854,11.267281217535626,4.743940804915219
5,783.7811682575194,787.6832386348271,35.25114076293828,11.410365010334152,4.639058255252143
6,794.4885306332603,797.092889646985,36.595328738426524,11.687695718999228,4.488592883932106
7,806.7507849522841,806.4951041459495,37.92575707502724,11.78095986785899,4.297128945552965
8,815.2559122283702,815.8883974130574,39.034831869548576,11.846990144503613,4.1549567911179
9,825.2376838234026,825.2712861384111,40.45272491977998,12.0,3.9310994667219896
10,832.9362007999641,834.6422886551113,41.62434615884065,12.0,3.7290416733913627
11,845.758721122954,843.9999251732282,42.58815678391545,11.943595852977307,3.5259157462725623
12,854.8983018843364,853.3427180134786,44.17087806100169,12.0,3.250810036062343
13,862.8012532356902,862.6691918405678,45.03358433750929,11.906231075714208,3.0117352672218685
14,874.2323563100988,871.9778738961627,45.985373262328494,11.768260267597197,2.7815194205855356
15,882.2023129159612,881.2672942314571,47.17042454623008,11.685933558387786,2.559370427161975
16,888.817401013527,890.5359859392935,48.23405483548755,11.448197012383178,2.3073663490253216
17,900.5199869539704,899.7824853858053,49.419504844881956,11.22724927183276,2.0874464375293256
18,907.087567239883,909.005332441541,50.35752378584064,10.95697861497676,1.9066678026362782
19,919.9599713146505,918.2030707120359,51.29554552113247,10.73178676801592,1.706177743729389
20,927.2743959458211,927.3742477677936,52.34520847698455,10.424636031203228,1.4980135572182096
21,936.1476906465506,936.5174153736411,53.166378587452584,10.077175364523326,1.359433800162969
22,944.2692706286148,945.6311297174227,53.981240366753774,9.6921557465615,1.2725548799116035
23,957.159034315342,954.7139516379939,54.76745219745213,9.354622972991598,1.1531972976851017
24,963.4553878883444,963.764446852482,55.52275828275283,8.953304024286638,1.0592421366616653
25,971.92453053845,972.7811861827762,55.78931963881915,8.493049598383177,1.0190891697571554
26,981.0584786802341,981.7627457812106,56.675529987811366,8.064163058962016,1.000975568890245
27,991.7723257265138,990.7077073554071,56.97614761087645,7.711466035375648,1.0194032444056207
28,1000.3455465209681,999.61465839224,57.82876358905951,7.142681225899862,1.0239339940340417
29,1009.3076576040797,1008.4821923808878,58.289021130952285,6.807890556311213,1.0954732762232025
30,1018.1705510409539,1017.3089090349381,58.85819138798337,6.33146991938703,1.2028923965468024
31,1030.3767097152493,1026.0934145135084,59.2356399927671,5.9548384782055725,1.3136508213470224
32,1034.0214916085818,1034.834321641351,59.387843387002015,5.438669416357817,1.4640600186346848
33,1042.5057646697587,1043.5302501279018,59.5255241646265,5.047632528496961,1.5993591996222356
34,1050.5522813287512,1052.1798267852469,59.85925230397627,4.5780821182488,1.8051537225681364
35,1062.0136445901142,1060.7816857449632,59.835579362219775,4.183923867925188,2.015250170205959
36,1071.5924132592463,1069.3344686738046,59.984987913255445,3.809736941478358,2.2195091024585993
37,1077.60893007289,1077.8368249881996,60.0,3.3807863846150954,2.4388379797818565
38,1084.6070991135991,1086.2874120675242,59.86838080137084,3.0788519314926672,2.6678752564754302
39,1093.0359330347335,1094.684895466116,59.969382305325375,2.6620214584626467,2.89406020306902
40,1104.3291346996489,1103.0279491239994,59.78889376338337,2.40165987318731,3.1441022232003824
41,1112.8017639186935,1111.3152555762865,59.32539874929104,2.1422954316812133,3.4006103833232197
42,1120.631814697829,1119.5455061612186,59.33903944869641,1.8766089187792119,3.611028331091362
43,1126.3863818122431,1127.7174012268206,58.9656150993883,1.7026882766979732,3.8218423863191724
44,1136.2939729822633,1135.8296503361298,58.48817323281473,1.4038163017254803,4.038292680202082
45,1144.114344089253,1143.8809724709718,57.915519754994214,1.2212897546269676,4.244291096696932
46,1152.3074734277056,1151.8700962342475,57.4037578677331,1.1136155156668035,4.413608250383045
47,1161.538617606598,1159.7957600507018,56.90150816045568,1.092391790223743,4.584220956482473
48,1168.1039034636904,1167.656712366141,56.460878475210485,1.0347110394018104,4.720067079412453
49,1176.8095389712112,1175.4517118450674,55.58245591069935,1.0042805651767828,4.836469029904534
50,1183.3146857056786,1183.1795275667007,55.08797984568812,1.0,4.929445598262216
51,1191.4171780167349,1190.8389392193549,54.08424650191667,1.1115307481691408,4.980826717526349
52,1199.6913137448162,1198.4287372931392,53.44111402963181,1.126599555332842,4.981687864736459
53,1203.0334116312429,1205.9477232709542,52.64398858526922,1.3521813669965574,4.983552655267511
54,1212.7553673850362,1213.3947098177507,52.10636342737024,1.584992075175091,4.968944939520233
55,1219.8277756594398,1220.7685209680253,50.603001826056094,1.6837598713570172,4.908246022713045
56,1226.7902366150304,1228.0679923115172,50.06015814468308,1.9230465625132773,4.815611074725496
57,1234.7416866746298,1235.2919711770833,48.8532172008191,2.141303572173966,4.717645019699759
58,1245.429199437186,1242.4393168147174,47.84738039253417,2.3788381126704214,4.584192495108004
59,1247.7772383443023,1249.5089005756888,46.72402068165387,2.7443642236894363,4.42562029777981
60,1258.4361627999513,1256.4996060907683,45.661229301350566,3.0668659003972922,4.254912135381665
61,1260.0445899032848,1263.4103294465165,44.42955745739715,3.4174113678182385,4.0833458644718545
62,1269.570209299632,1270.2399793596037,43.50085445838567,3.92906498067918,3.859508219589604
63,1277.312983479347,1276.987477349137,42.01872239977617,4.273566878353233,3.6722549542945835
64,1284.8242025696827,1283.6517579069641,41.03809618696326,4.695240631461339,3.407351986726366
65,1291.6542218255158,1290.23176866593,39.53165322618434,5.097228651922918,3.164297759997241
66,1298.3131650364585,1296.7264705660587,38.36069540421668,5.541482578555221,2.9301644428795504
67,1302.4373878741337,1303.1348380186305,36.934175527868206,6.032132747421808,2.6963985093608387
68,1308.5311554828074,1309.4558590681365,35.87473759957795,6.440787610356092,2.465905089455413
69,1317.4044873145922,1315.6885355520778,34.723536567161695,6.912225439190779,2.265047765986358
70,1321.4492746088229,1321.831883258586,33.18673120128467,7.329466867503454,2.006643419738997
71,1325.333559435166,1327.884932081842,31.85418273107382,7.7643469976813755,1.8315947769708674
72,1331.5801517472605,1333.8467261752676,30.39826064700205,8.153960511830647,1.6380266335516078
73,1337.8774195304609,1339.7163241024641,29.211703238667027,8.551926974107216,1.4469769622614441
74,1346.487120473984,1345.4927989858766,27.689280089609607,9.027164257688888,1.3395084583707806
75,1351.4600901252986,1351.1752386531575,26.477376755787727,9.429555138234855,1.2281681891509753
76,1358.143716489346,1356.7627457812105,25.34098395570945,9.745998979715,1.1029943693931696
77,1361.399932745215,1362.2544380378881,24.206552564229003,10.144226264802533,1.04923663965243
78,1367.966527603474,1367.6494482213207,23.143404705322197,10.471607019555355,1.0
79,1374.198105184794,1372.9469243968595,21.36143436314008,10.680599344370748,1.0
80,1377.5273369521658,1378.1460300316062,20.40865413384855,10.999165524793177,1.0340490690016921
81,1384.1594946016262,1383.2459441265114,18.99282629151991,11.290746742870267,1.0576102721516614
82,1386.9220094638856,1388.245861346019,17.717840610897575,11.496787451192702,1.1218022909460457
83,1392.4188844521088,1393.144992145239,16.613392685057963,11.608790960867749,1.2422030547713458
84,1397.1790871066298,1397.9425628946265,15.391783700792022,11.800534866789606,1.3563226432621711
85,1400.2461367109663,1402.6378160021443,14.261320460002958,11.939049753798152,1.5057800422356993
86,1408.2039549944686,1407.2300100328976,13.07624869001209,11.997197238887601,1.693785172736857
87,1410.7796151458094,1411.7184198262148,11.85313405930461,11.993814907753924,1.8538737543722243
88,1416.1273248476136,1416.1023366101583,10.791351362227958,11.973760341693982,2.0623905609056146
89,1421.3425614312596,1420.3810681134478,10.117630709464642,11.925534026702126,2.2961068823250756
90,1425.447001026838,1424.5539386747782,9.013532416682956,11.891302905058584,2.5362141434161845
91,1429.9510595674603,1428.6202893495147,8.041527842409224,11.76645137616885,2.7749316000463367
92,1432.3825070447278,1432.5794780137467,7.250418385346828,11.63481506445629,2.984537644584365
93,1435.5842828415998,1436.4308794656881,6.530586873838787,11.431833736052585,3.2468066979374557
94,1440.0144491025899,1440.1738855244027,5.646229658461151,11.243378217799446,3.455903290823615
95,1440.4332362579273,1443.8079051258435,4.775750558239597,10.967069094116434,3.7233208277005696
96,1444.4381394713425,1447.3323644161887,4.361683133229031,10.717568845047467,3.8972769993015057
97,1448.10130761775,1450.746706842459,3.7681410323986455,10.415996051411335,4.139551988700176
98,1452.0558995852027,1454.0503932404056,3.0101647172523442,10.018083765137304,4.29918113182836
99,1458.0424503730953,1457.2429019196484,2.5390941057255034,9.623367081335843,4.509996991307081
100,1458.5127706353383,1460.3237287460584,2.0897973970763144,9.381551230474829,4.63837335723494
101,1462.5360621132863,1463.292387221365,1.6378194086060713,8.935393629435126,4.740772907990173
102,1468.7468651555544,1466.1484085599823,1.1804045278666042,8.445692510601479,4.8496927083445565
103,1468.178813820909,1468.891341763032,0.8539458734639171,8.061432377490458,4.944315635030176
104,1472.9957848264985,1471.5207536895643,0.5745929361420854,7.685971090152828,4.995949087465177
105,1472.1689937649355,1474.0362291249553,0.12155657791840763,7.201317659118444,4.998473036343207
106,1476.026495730738,1476.4373708464732,0.23824953543653887,6.74467980538913,4.991115048414336
107,1476.823755576184,1478.7237996860053,0.0,6.372086926243134,4.964398302896583
108,1480.2170884381317,1480.8951545899329,0.0,5.826276149705629,4.889776942963187
109,1484.6317089510599,1482.951092676145,0.21685058095353651,5.392570634128082,4.776301915108881
110,1481.4366484418003,1484.8912892881851,0.22605518338323422,4.996452970664811,4.665852921236588
111,1487.5842853336082,1486.7154380465165,0.45966870401854243,4.577198702387343,4.5400307186945215
112,1488.8987221015684,1488.423250896904,0.38991098797695983,4.167942880113553,4.391320731784869
113,1488.8261582445075,1490.0144581559011,0.5091189667626822,3.7867302141620307,4.214367180323234
114,1488.5966928446587,1491.4888085534355,0.9538897875663944,3.3787508949615326,4.001918118433799
115,1492.990328287916,1492.8460692724884,1.3693683521867943,3.0317760697596308,3.7805366233981887
116,1493.0270405677309,1494.0860259858584,1.7854252388242362,2.666482451554061,3.5624121223983547
117,1495.6738353127157,1495.2084828900063,2.417735866779762,2.369502172773369,3.308285372677711
118,1496.256967027022,1496.2132627359751,2.72127670001597,2.0889985038382197,3.078564148660131
119,1500.0,1497.1002068573794,3.4087117063641066,1.8404458330570206,2.829925567491713
120,1497.3904639405143,1497.8691751954605,3.8395848926501115,1.641016220972773,2.587226308449545
121,1496.4730513359598,1498.5200463212036,4.737709826646122,1.4431996364591713,2.380239715406412
122,1499.4112687244258,1499.0527174545132,5.4019030027642785,1.2675092141209001,2.1561915904934414
123,1499.9070978483853,1499.4671044804418,6.067816039822262,1.113025014927144,1.953947136207472
124,1500.0,1499.763141962475,6.969835391393256,1.0634517347843433,1.7570846570328948
125,1500.0,1499.940783152862,7.8469801172774964,1.0112487391960083,1.5756025210488092
126,1500.0,1500.0,8.746273295003006,1.0083135902631344,1.4237097944453065
127,1500.0,1499.940783152862,10.005716942709412,1.113735097747363,1.2806749967366273
128,1497.3856158538292,1499.763141962475,10.717653504356278,1.0659158594685179,1.1779284308965141
129,1498.1876014149423,1499.4671044804418,11.725506652635229,1.201246568019941,1.0772876797747242
130,1497.1995655717021,1499.0527174545132,12.51241858852074,1.3600272124921766,1.0373845806039192
131,1497.740426714892,1498.5200463212036,13.79106504783319,1.488701593621231,1.0135407632353504
132,1495.115802900348,1497.8691751954605,15.014985826146829,1.7792303077733749,1.0
133,1498.3705087510082,1497.1002068573794,16.10972627992887,1.9036322525735836,1.0329002994899206
134,1495.7688173417775,1496.2132627359751,17.604684286652482,2.1953031232595914,1.0792943607200636
135,1492.266870301001,1495.2084828900063,18.581886468036508,2.4427638359957577,1.1644840685861575
136,1492.0548678234434,1494.0860259858584,20.031129030038972,2.779872760450656,1.2652567640906482
137,1493.4730969673888,1492.8460692724884,21.098008247796503,3.1478213735144203,1.4353198738260369
138,1493.165061689224,1491.4888085534353,22.362462404961764,3.538065653485788,1.589064238080206
139,1494.0079199392846,1490.0144581559011,23.626467235181476,3.9033030938807496,1.758198101355808
140,1494.2509758289186,1488.423250896904,24.935566096361196,4.3446299635484085,1.9745687100995042
141,1487.5442569130685,1486.7154380465165,26.49782224352834,4.7089009821978625,2.152014169556866
142,1482.9122130481214,1484.8912892881851,27.204340043942576,5.129765054827239,2.4222268682723236
143,1478.6870001146824,1482.951092676145,28.569062658236174,5.690611727643525,2.6041068951091484
144,1481.4305775146206,1480.8951545899329,30.10701869430836,6.043740696633876,2.8477040139564065
145,1477.0979174953848,1478.7237996860053,31.509508727683727,6.447858352161634,3.0764881131815196
146,1475.606656326114,1476.4373708464734,32.92676506327004,6.897689270607881,3.325444606926419
147,1472.8120355268356,1474.0362291249553,34.20467180024324,7.333737804289219,3.5652457528096715
148,1471.2391719167317,1471.5207536895646,35.378536021882006,7.84908203418285,3.7759868553415523
149,1471.0233022246073,1468.891341763032,36.88097938246769,8.228472361301714,4.0182601370534385
150,1466.462505694873,1466.1484085599823,38.16158899008417,8.667947253815644,4.1949949651647085
151,1462.975117547288,1463.2923872213653,39.29811850593915,9.065695496111257,4.378303953427842
152,1458.2524212404066,1460.3237287460584,40.66042824161078,9.485753261452954,4.523888539983933
153,1453.8935360302396,1457.2429019196484,41.78210679463088,9.791167198840315,4.685191498743034
154,1453.077777422259,1454.0503932404056,42.85945891641132,10.128385643484956,4.7943951216935226
155,1450.6391417408222,1450.746706842459,44.225790490809985,10.502270519049077,4.879201994426435
156,1450.8682242433483,1447.3323644161885,45.287834440897946,10.812599199974478,4.941718614749949
157,1444.0684541687892,1443.8079051258435,46.39203137904125,11.068527582069162,5.0
158,1442.1393645464489,1440.1738855244027,47.70165742588572,11.259138696798885,4.99554657144859
159,1435.43228826861,1436.4308794656881,48.168157573429,11.522956272082768,4.958080114115771
160,1430.2095904809125,1432.5794780137467,49.342359133502406,11.637129381023083,4.921713779604149
161,1426.69005582505,1428.6202893495147,50.3583526139045,11.782595687044495,4.856161510687676
162,1423.1034865457068,1424.5539386747782,51.4236053935196,11.866908290410672,4.763449878779892
163,1424.6380075783181,1420.3810681134478,52.34004313726056,12.0,4.636901051273353
164,1414.4595632517098,1416.1023366101585,53.00899295879605,12.0,4.488875068943811
165,1413.395398233688,1411.7184198262153,53.89923584127967,12.0,4.298150340063211
166,1405.4241556767238,1407.2300100328978,54.683290976458316,11.995872443363934,4.123410654940803
167,1404.5009620278925,1402.637816002144,55.89844806765215,11.97759491577604,3.8997251357064266
168,1398.7124648268382,1397.9425628946265,56.46813493645968,11.680049675719777,3.685138905315299
169,1392.8317163499228,1393.144992145239,56.75348031188522,11.567216219231568,3.452350321483879
170,1388.1643362937482,1388.245861346019,57.326210128559055,11.386450970553348,3.21333746617151
171,1381.9363687356526,1383.2459441265114,57.72091397706929,11.158663972324739,3.008883222996718
172,1379.0381744345702,1378.1460300316062,58.06567269341034,10.899900633209523,2.7651068190229533
173,1372.036957436178,1372.9469243968595,58.738121642559996,10.651698456528864,2.534775875861326
174,1365.1982366937862,1367.6494482213207,58.954120097216574,10.307936998396318,2.292894750624936
175,1359.698562889249,1362.2544380378881,59.38292399177811,10.037203038089887,2.086210218980699
176,1357.1079216166547,1356.7627457812105,59.3906193404976,9.669572258080745,1.8435652831413576
177,1354.3334211659783,1351.1752386531575,59.69404314685371,9.309327078903713,1.6944429902383238
178,1345.8127822130234,1345.4927989858766,59.95066925513218,8.914371982889135,1.5144341472193106
179,1339.4790474502443,1339.7163241024641,60.0,8.506196075839707,1.372649204252778
180,1334.4183784544728,1333.8467261752676,60.0,8.04193563437896,1.2437070200615594
181,1330.4969355652556,1327.884932081842,59.74272850522459,7.7061324715812445,1.1230465601247979
182,1322.2706482613135,1321.8318832585858,59.957226571430304,7.187601822418054,1.0417347894948945
183,1314.8666810904106,1315.688535552078,59.53952058764715,6.656140530833965,1.007433203793063
184,1311.6684364882565,1309.4558590681368,59.52764421049111,6.241422294099223,1.0087081381522236
185,1303.9923508955537,1303.1348380186305,59.1473561859475,5.764231481290347,1.0211723581937338
186,1299.7979825500508,1296.7264705660589,58.602352445446606,5.391321236344652,1.0292040080727265
187,1290.5982375403742,1290.2317686659303,58.365519494155166,4.9499293457060425,1.1016705901789177
188,1281.202819843523,1283.651757906964,58.0169379350559,4.510541835878639,1.19901531982757
189,1274.2511589506457,1276.987477349137,57.54917998569871,4.197334269603032,1.323463267272436
190,1273.5418352240663,1270.2399793596037,56.87808291894042,3.742365773690073,1.451139926091412
191,1266.8576608880828,1263.4103294465162,56.51896723490606,3.3714943566103193,1.6147446290331664
192,1256.1405676642032,1256.4996060907683,55.77944956662685,2.948306441117591,1.8076677744018779
193,1248.7425259334168,1249.5089005756888,54.87937885841441,2.6121174060364494,2.0220061297780823
194,1245.3622053992017,1242.4393168147174,54.271754843154206,2.3457477057572613,2.217660380810243
195,1233.0778798129966,1235.2919711770835,53.64393806978893,2.071099024685374,2.4591735750869974
196,1226.2785382736058,1228.0679923115174,52.79740477903126,1.7394082243446682,2.710004076277956
197,1222.0551745574035,1220.7685209680253,51.42507076451383,1.5871795390980146,2.912168299767697
198,1212.6054995720317,1213.394709817751,50.534434284946904,1.4083971377275577,3.1671398286949204
199,1205.9374795375138,1205.947723270954,49.92031049059881,1.2466260162992595,3.421726104130668
200,1198.10185149609,1198.428737293139,48.524891257017714,1.1050669629811896,3.6304145903964473
201,1191.5140883169527,1190.8389392193549,47.43517639878045,1.0341490065634866,3.849354304720987
202,1185.9944912893282,1183.1795275667007,46.47644699924803,1.0030870536674916,4.084469649215287
203,1175.6328816588707,1175.4517118450672,45.4962200198664,1.004831463730032,4.2562932758756835
204,1168.944589952695,1167.6567123661412,44.271786604046504,1.0530959608980548,4.453374374618207
205,1155.69541584864,1159.795760050702,43.01588845646717,1.1363254342135163,4.598709425857731
206,1151.7726594303872,1151.8700962342475,41.813304849784735,1.181558211692365,4.719934570113718
207,1142.1945119303862,1143.880972470972,40.585505801735636,1.3107124326254393,4.840518779054802
208,1133.3920242152828,1135.82965033613,39.3176691453603,1.5165727150446624,4.92027936951328
209,1125.961096492963,1127.7174012268204,38.530802997111195,1.7269550368443436,4.9856687225890335
210,1118.877259279817,1119.5455061612188,36.956309460975554,1.9205982538230246,4.988965552492135
211,1113.1470606609982,1111.3152555762863,35.75445329573248,2.2354473387238256,4.996214489418978
212,1100.3751636885204,1103.0279491239994,34.246961856349785,2.537527811032622,4.964672428707146
213,1094.7461584513048,1094.684895466116,32.982957943958525,2.871208269278231,4.9181763154354785
214,1085.319073200857,1086.2874120675242,31.588522937255195,3.2364118917963687,4.807100847143309
215,1077.1814787994756,1077.8368249881996,29.979224946262686,3.4985970540874876,4.7266550317385265
216,1071.3399843244138,1069.3344686738046,28.85097583612899,3.9215669634538632,4.58295572212157
217,1061.857916618971,1060.7816857449632,27.46860303216495,4.326416548008959,4.398333856701103
218,1054.8546230001325,1052.179826785247,26.089617630461188,4.741493677824709,4.258152435156242
219,1043.2212387694021,1043.530250127902,24.941581198008773,5.150597098718059,4.077829102698895
220,1033.4424364180093,1034.8343216413507,24.02286508881083,5.557120967933659,3.8487687855994333
221,1025.6456968797474,1026.0934145135084,22.532637959898704,6.066117473910468,3.632701484437545
222,1017.7939026174805,1017.3089090349381,21.46249955950005,6.4804608288227445,3.3814310396639495
223,1008.8353390977952,1008.4821923808878,20.07706105084559,6.963344903330468,3.118670288733778
224,997.4458822477732,999.6146583922399,18.898607651723243,7.373786817499247,2.877329434985118
225,990.888686918663,990.7077073554073,17.433598020905798,7.801167292270195,2.671568281436992
226,982.2192024414885,981.7627457812107,16.458877650942483,8.285160949466363,2.4263428001082143
227,977.816134257844,972.7811861827762,15.327486888662417,8.70062004832576,2.197023759342629
228,967.5181360750457,963.7644468524824,13.998167376962915,9.121914841745312,1.996556041372272
229,953.0074649368764,954.7139516379941,13.065862581789746,9.573009693068585,1.8077562761663026
230,945.0563629943244,945.6311297174228,11.99704191311548,9.86359005841051,1.594859169844338
231,933.5905313699672,936.5174153736411,10.794847414369814,10.216470140217494,1.4477370952878528
232,926.1928337398665,927.3742477677935,9.711017439057747,10.473880234741037,1.3369383390083442
233,918.8342807192164,918.2030707120357,8.742881656249804,10.758636389900072,1.1819766975608237
234,911.4170396833175,909.0053324415411,8.015315444611456,11.13781541325496,1.1206177694856292
235,898.3243177103182,899.7824853858053,7.175776149974979,11.271449152726694,1.0367040446959652
236,889.2276930591578,890.5359859392934,6.176470754160635,11.46845366404733,1.0164091736635519
237,876.97271617198,881.2672942314573,5.513810279683388,11.677061742115393,1.017281980486266
238,871.652542055073,871.9778738961628,4.857243086475709,11.80890045295661,1.0329989747518449
239,860.5443630168487,862.6691918405678,4.175026091414729,11.874865770781197,1.0847329507294945
240,852.2838391587467,853.3427180134788,3.6758426780447206,11.96114388353183,1.1304950134844558
241,842.2462036168931,843.9999251732283,3.0467355508491165,12.0,1.2675132939748925
242,834.453763546606,834.6422886551111,2.1696240889830807,11.956192947571406,1.3659568601663181
243,821.755829355698,825.2712861384113,2.090522201814478,11.885298269463545,1.5336574356115162
244,812.9543069222755,815.8883974130574,1.3309732788000879,11.8950797182617,1.7055835517500233
245,810.753598370006,806.4951041459494,1.1952817568699463,11.757674900402426,1.8994131357792312
246,794.5180444844372,797.0928896469852,0.7326951357452456,11.558841704881557,2.1033872940965828
247,785.489667477918,787.6832386348273,0.40124755735530493,11.332156601928977,2.3047074828057736
248,781.9414640590935,778.2676370024509,0.0,11.144795660764224,2.525865481517663
249,774.6577059209842,768.8475715825034,0.09025704917237484,10.92035895376643,2.79440856262571
250,757.0813966548639,759.4245299125146,0.0,10.687650370237487,3.022433507442207
251,749.2635020864241,750.0000000000001,0.14509488537641585,10.290423622414616,3.2749296412054094
252,741.2585811893665,740.5754700874855,0.2565308582271462,9.993817947526686,3.4913928455302288
253,734.609823706308,731.1524284174968,0.0,9.666196545985208,3.69835679923905
254,719.7586488406926,721.732362997549,0.30606667929269343,9.164999506972013,3.951055638675357
255,711.8262056732888,712.316761365173,0.35426123582263597,8.90425534265631,4.13480577482265
256,704.4617855051386,702.907110353015,0.6282244323170603,8.402503385136914,4.333056221241857
257,694.3744280029836,693.5048958540503,1.1547250405815843,8.036977183422438,4.4868763620671865
258,683.3592904444826,684.1116025869428,1.4048390152069048,7.597300411997833,4.668611242469138
259,674.461067932557,674.728713861589,2.0989314766734193,7.18730110366731,4.754755470074665
260,662.6079197281489,665.3577113448888,2.2474829320910956,6.718145449682592,4.861633978865782
261,655.5237273388228,656.0000748267721,3.0050888758905976,6.15190000168186,4.940526619480376
262,646.1245070065037,646.6572819865216,3.4576726719700077,5.768170694653867,4.967151569856035
263,637.7951479386845,637.330808159432,4.201664185676583,5.362330935205951,5.0
264,626.9114716661993,628.0221261038373,4.704588882455426,4.9138674040174894,5.0
265,619.6757828136332,618.7327057685429,5.50238865285175,4.51615945237037,4.940096782124828
266,611.489445696346,609.4640140607064,6.278024796834436,4.117374034517896,4.8852786525327785
267,600.5283732695318,600.2175146141949,7.0013161024296995,3.7149800281254826,4.743255599467303
268,591.6981803752575,590.9946675584591,8.101651843510446,3.305646751119224,4.6636568688210245
269,581.9032399831198,581.7969292879641,9.018038256871241,2.88518331311637,4.515598729283321
270,572.6259210183895,572.6257522322067,9.968465908134212,2.609248240665038,4.34242938396833
271,562.0394685592734,563.4825846263591,11.107825155626912,2.3383755177564844,4.186057120822716
272,555.001858805924,554.3688702825774,12.12951546951468,2.0002175700885214,3.9634178625832934
273,545.0914751651792,545.2860483620061,12.925689822719926,1.8209154642908731,3.7503417975869153
274,540.4218897653791,536.2355531475179,14.14062231856312,1.615198408256429,3.5213196549710504
275,530.3655236221741,527.2188138172237,15.124639650162512,1.3999504086801344,3.26469748303075
276,519.0089473239025,518.2372542187895,16.38378830523079,1.1223792916636561,3.0387649021124155
277,507.7661782252033,509.29229264459286,17.478770152833633,1.0789032683851247,2.8316625644839686
278,498.16051866379314,500.38534160776,19.0242343742364,1.126378440002251,2.549699828627686
279,493.9000935252901,491.5178076191124,20.069968386861824,1.0,2.3399166923964705
280,483.21658941535634,482.6910909650621,21.236210625936184,1.0,2.1247104788593174
281,474.8668722932748,473.90658548649157,22.71834617083279,1.0819603947530407,1.9485296790806488
282,461.6765063847011,465.1656783586495,23.498529425434196,1.1000632805844086,1.7409132404248273
283,458.3246268352147,456.46974987209836,24.818769654923667,1.2467163517317068,1.5461224093131525
284,448.7290138911815,447.8201732147528,26.546460995436817,1.351911122003528,1.419720131303357
285,436.997452886208,439.21831425503694,27.749266101379643,1.531891252889888,1.2574906427933306
286,429.7224817112956,430.6655313261955,29.095244172695256,1.7340357435247546,1.176826971365663
287,422.6906094205132,422.1631750118002,30.178021781002812,1.9852583518209217,1.0605673614644444
288,413.81752152918847,413.71258793247597,31.69207097783317,2.3165904682380254,1.0436267014700846
289,404.7307621622771,405.3151045338842,33.31137785709666,2.5609709609309155,1.0
290,396.76507433986865,396.9720508760006,34.443953419536925,2.7820795969603913,1.0
291,388.1807896673,388.68474442371377,35.64689541934317,3.2106922036406926,1.0335072983278297
292,380.7596188629864,380.45449383878145,36.84582471378196,3.6080702610624438,1.1003588870475818
293,375.22558271916574,372.2825987731794,38.129372137739296,3.999692615971155,1.1753119827202616
294,359.0370327820078,364.1703496638704,39.13021590627912,4.340687138552939,1.303445409299297
295,355.64532700000876,356.11902752902813,40.731002424535646,4.824800692265459,1.4230624769520113
296,348.48292860849733,348.12990376575243,42.041259185315674,5.247245377810602,1.6001071435139063
297,340.79622792867247,340.20423994929826,42.87713010045239,5.753570147604223,1.776488706041715
298,331.5994584712165,332.34328763385906,44.187933576192165,6.0668666073247115,1.9655061982600819
299,321.0348445899754,324.5482881549326,45.25956631861017,6.525456031390901,2.171076772874719
300,317.4764634007277,316.82047243329947,46.404573439631605,6.98208758889655,2.4029533869800375
301,312.6157612089736,309.16106078064524,47.64157981279747,7.420007481955809,2.6404480396156784
302,298.5035398970286,301.57126270686086,48.37097309139511,7.843034057906919,2.8998708173515535
303,295.77993275644263,294.05227672904624,49.78971323834224,8.197953451748504,3.121650290148007
304,285.94823973600364,286.6052901822494,50.78649251211046,8.70883900238218,3.359282907188853
305,279.10883034031707,279.23147903197474,51.571605358431654,9.143923011138066,3.62314889313385
306,269.82621066707486,271.93200768848277,52.13122581241607,9.494809980473708,3.8085278103406135
307,264.03911647820496,264.70802882291673,53.20440625311033,9.957242888210159,4.020626252967069
308,260.1607723746805,257.5606831852826,54.34417186144903,10.223114282778214,4.222060074248291
309,251.65640990828683,250.49109942431141,54.501177833765105,10.592149327638662,4.377263159340164
310,246.9650171200516,243.50039390923172,55.57619443914983,10.841951207096951,4.546816436000193
311,238.9444943314388,236.58967055348342,56.11220028454582,11.126653880103095,4.684846341918369
312,230.63819399825556,229.76002064039642,57.0199166487948,11.336239677104075,4.817025497435482
313,226.50039170319874,223.01252265086316,57.35596808580601,11.579119566120896,4.893844378001199
314,217.2262284105127,216.3482420930361,58.02272647685667,11.692400710551137,4.960680387754033
315,211.42420768766416,209.76823133407004,58.497768212717695,11.841194165745732,5.0
316,202.6803875268718,203.27352943394123,59.08424444626778,11.931705332350464,5.0
317,196.9982536130879,196.8651619813695,59.1185106958889,11.965101591738792,4.9738017002323
318,189.1492932852629,190.54414093186347,59.48912217874341,12.0,4.915495708809509
319,186.29063231711186,184.31146444792216,59.4367940202683,12.0,4.864483136812173
320,175.81150949518437,178.1681167414141,60.0,11.925075670327633,4.754672642586114
321,173.67976860299325,172.11506791815793,59.82672552563744,11.86623009668892,4.5897685262241295
322,165.77197170972244,166.15327382473276,59.91055744681111,11.777651699407475,4.456990179605697
323,162.62617008447074,160.2836758975361,59.98718850927162,11.61598305389724,4.2911885151056
324,156.00893899158618,154.50720101412367,59.69394253903578,11.380063984218104,4.109062066114137
325,152.46605366213632,148.8247613468427,59.84265481993959,11.060944340267449,3.904084010573168
326,144.69880360106683,143.23725421878953,59.775770158792874,10.922583817524941,3.675068825714396
327,134.60148145080552,137.745561962112,59.439591645052005,10.529419943331593,3.4504178528026728
328,132.21664543288307,132.35055177867946,58.86546326007638,10.365818868714934,3.20714345521222
329,124.70906121795124,127.05307560314088,58.73708227637184,9.977237033615443,2.9576809420445818
330,120.81741028366103,121.85396996839359,58.463196590841086,9.650740224874047,2.725935586564048
331,119.77651274004238,116.75405587348894,57.611596261752666,9.19422105336175,2.4960507192396904
332,113.02920627577666,111.75413865398127,57.21953272003245,8.769551364722036,2.2683346293496265
333,105.45714699760313,106.85500785476063,56.94672426515013,8.427880214892337,2.024067889945988
334,100.03000237249275,102.05743710537354,56.2383879594272,7.989118444955248,1.8433754773427733
335,97.42774818360834,97.36218399785582,55.591630191159766,7.533874873508371,1.663546492819005
336,90.33686966834007,92.76998996710233,55.09134144938036,7.112971748721854,1.4908846761050996
337,86.93929961899191,88.28158017378507,54.11729246290222,6.772266721609264,1.3452265493870197
338,84.52168233294428,83.8976633898418,53.333775007527,6.2458569290045975,1.2335751089319176
339,81.92955595876549,79.6189318865521,52.78484619180824,5.807279724561542,1.1126460983357733
340,76.66358426967075,75.44606132522188,51.44602380694138,5.356780216017925,1.0336207478250012
341,66.79713163328924,71.37971065048544,50.41673076331792,4.947772439910569,1.0096731338649627
342,68.02925544431385,67.42052198625333,49.61918121876346,4.457307388487643,1.011469241324151
343,63.71318768077703,63.56912053431188,48.60163704711841,3.97260637567522,1.0389021399485414
344,60.65389504634264,59.82611447559725,47.40170708126538,3.653444921934418,1.0671782344205754
345,59.42451423745892,56.19209487415651,46.23697084909485,3.3185802731185428,1.1029601359960808
346,48.54115903020189,52.667635583811375,45.61771913582463,2.893871981846807,1.2177268246680641
347,48.07108630715897,49.25329315754118,44.170144485518186,2.595950022481817,1.346610760260615
348,47.13141940518113,45.94960675959442,42.83383856321844,2.2716602594571693,1.4905644696735194
349,39.59390928144386,42.75709808035174,41.87859955045803,2.0837492731013754,1.6626539482666336
350,42.62816935004889,39.67627125394188,40.49965783300355,1.8078322628704377,1.8266244174955926
351,37.44432600403614,36.707612778634825,39.232577614300766,1.5895894356204356,2.043677015743974
352,35.544759411704646,33.85159144001784,38.09140061039848,1.4069827989336512,2.2649573540604258
353,29.966770913924677,31.108658236968267,36.534340488246706,1.2333464807463885,2.4975401445484766
354,30.106773690367962,28.479246310435542,35.48906698940175,1.1305652749601929,2.7069005861430493
355,28.10071398702255,25.963770875044474,34.42065194169893,1.0,2.9516404544405574
356,24.02838519380115,23.562629153526814,32.89317604888508,1.0,3.1547066805349133
357,21.745002099391815,21.276200313994423,31.450897729825545,1.0090801963431186,3.421608613079008
358,19.64553188863058,19.104845410067128,30.112428526902537,1.0493721566406329,3.652596709905645
359,15.322216794376256,17.04890732385502,28.80774352390018,1.154550711912601,3.865300004658677
360,14.813653351334159,15.108710711814865,27.514187251248117,1.2747679118463429,4.090673725334286
361,12.979516888578772,13.28456195348349,26.18333201315712,1.415710484007552,4.279455981837503
362,12.343536831803053,11.576749103096063,25.072443374779184,1.4883071995995076,4.420287841502547
363,11.98519033791945,9.985541844098861,23.379805336857057,1.7226076309939768,4.610589663612602
364,6.394119282607635,8.511191446564453,22.486178237060376,1.996144075065612,4.723732785157777
365,6.903912666872424,7.153930727511579,21.031799573917617,2.3485998382634232,4.850508391360325
366,8.876885109459504,5.913974014141559,19.894404560495587,2.6052780252157484,4.903322803384375
367,3.3043406523685914,4.79151710999372,18.437578947815837,2.9159656967442777,4.974961079993773
368,2.14223722944421,3.7867372640248504,17.596722807673206,3.2049914738863703,4.994117190918933
369,3.304405526283025,2.899793142620638,16.3994494253812,3.55635634677914,4.998318525337609
370,3.8195951855101833,2.130824804539543,15.198385418677812,4.013815054751234,4.96266888503779
371,1.5028057899175966,1.479953678796278,13.697982934261077,4.345595357346066,4.896085836545708
372,3.6052037263609065,0.947282545486928,12.951404392822168,4.801519727911413,4.788939219291834
373,2.246483484691164,0.5328955195581102,11.822819332307247,5.2391635518292645,4.676101986007086
374,1.9204981713051767,0.23685803752505308,10.491629717632616,5.7485454658686805,4.551604225401416
375,1.1674498497861048,0.059216847137918194,9.736371148803656,6.117151080374953,4.400129320984015
376,4.65530620069217,0.0,8.84147673775856,6.482737261933499,4.211088473792207
377,0.0,0.059216847137918194,7.958017770328235,7.048917808081034,4.032179580343486
378,0.0,0.23685803752505308,7.031799000761798,7.445686208178055,3.806642931940809
379,3.741404242592392,0.5328955195581102,6.223972753092064,7.913766964523694,3.5728438859955007
380,0.03188368357316307,0.9472825454868143,5.622478429074393,8.3375923459431,3.3512750993830456
381,1.695714567482344,1.479953678796278,4.854067321426138,8.746834727946684,3.1219022010205633
382,4.749926174260597,2.130824804539543,3.557820721997863,9.191063643590626,2.8847683076321933
383,0.0,2.899793142620638,3.3082907523680265,9.482068962209665,2.6711611262354946
384,1.2834428358125716,3.7867372640248504,2.750769609634905,9.886342805769667,2.4011242291675963
385,1.5889612357560123,4.79151710999372,1.9848690090572074,10.275306186474172,2.1866101639365922
386,4.3257014340907105,5.913974014141559,1.7877043901081064,10.539310739609189,1.9822214225591503
387,8.033203939545565,7.153930727511579,1.5413773234623018,10.788352825301319,1.778174290436261
388,9.559567132190109,8.511191446564567,0.8269701881883644,11.139253806393697,1.5910998662314395
389,10.538090202755969,9.985541844098861,0.7324164337576782,11.386484985684751,1.4154022902013024
390,8.751217335311216,11.576749103095949,0.29328862393560573,11.53652677302502,1.2932362556042658
391,8.6643550802182,13.28456195348349,0.13577215701371864,11.623061851435192,1.1712372145457446
392,15.217417882595516,15.108710711814751,0.32163120410461343,11.858219237460375,1.0736904241109197
393,16.105355256578235,17.048907323854905,0.0,11.856528627775132,1.0269530609640274
394,20.02361695350035,19.104845410067128,0.06992404766748091,11.992058970827605,1.0
395,22.680107566436963,21.276200313994423,0.0,11.964451828506533,1.0104572188011247
396,23.839112017644062,23.5626291535267,0.4124886961168295,11.937125731045738,1.03475961683677
397,27.48403704579641,25.963770875044702,0.37655509604642123,11.912846926810937,1.0643310006792548
398,28.937669058665566,28.47924631043543,0.469268873742553,11.833983939081255,1.153492556702422
399,32.16878764817109,31.108658236968154,0.850525792902676,11.690723362351113,1.2352582251425661
400,32.442244914277964,33.85159144001773,0.8768167369575534,11.580431357098934,1.3861765993876056
401,36.34838995097179,36.70761277863471,1.6456841224082857,11.345711959237947,1.5529031469231929
402,40.06982344725568,39.67627125394176,1.8549056812297673,11.177002994659437,1.7333035189461456
403,44.398155031186576,42.75709808035174,2.362434151766635,10.892357424848605,1.9024520783321852
404,45.16212441514516,45.9496067595943,2.8622328767091147,10.56730947300543,2.1366150554040453
405,50.29562766900518,49.25329315754095,3.444165496539549,10.247367967506491,2.318305999739626
406,52.13595799998062,52.667635583811375,4.281939781625949,9.87768055504381,2.5519112458031974
407,55.95701053950013,56.192094874156396,4.912544826251393,9.593822288471209,2.8169669288939394
408,61.48515255964551,59.826114475597365,5.716937288217665,9.186069507524975,3.069842123268148
409,59.58299979220345,63.569120534311764,6.410027832478572,8.705419560631546,3.289992721492666
410,64.8275773301037,67.42052198625322,7.326122512999914,8.363594378473127,3.515779415477967
411,68.41533985559968,71.37971065048532,8.068113865768904,7.921127599341987,3.709899478593284
412,70.77882908552516,75.44606132522176,9.3894972064072,7.582625438965403,3.9283592221329635
413,78.26240300624153,79.61893188655188,9.784454414507843,7.007117737116869,4.162858928176146
414,85.39653118929716,83.89766338984168,11.2120357411407,6.5693696869409965,4.341243280350923
415,87.7118120410197,88.28158017378485,12.268036625882582,6.2223703295517065,4.496554356137084
416,93.16557013098581,92.7699899671021,13.009674843541177,5.785337227119135,4.659113277797739
417,99.54061899127753,97.36218399785594,14.579152142744478,5.259489898177638,4.781242526929448
418,104.71280936990881,102.05743710537342,15.531819770681802,4.830301491489845,4.889736029998099
419,106.71673198530847,106.85500785476074,16.69417436832246,4.457495245347883,4.946974718035625
420,114.46131043311995,111.75413865398116,17.74473108596333,3.93080682422995,5.0
421,116.93830919035705,116.75405587348882,18.9236794957268,3.5569991077789096,5.0
422,120.17917352073854,121.85396996839347,20.161947786295745,3.246901483422726,4.98317954376777
423,125.86427489874319,127.05307560314066,21.508001715348524,2.968427656703925,4.957541578940128
424,129.3894787535492,132.35055177867923,22.932201017392874,2.5612664735602,4.8559296693463585
425,135.96929425464458,137.74556196211188,24.035897717247035,2.2811446134104845,4.815224691532375
426,142.52122084264045,143.2372542187893,25.170249505322538,2.049029034685906,4.655800141307018
427,150.43193138559968,148.82476134684248,26.737972513153274,1.8445053009926577,4.509557174285943
428,157.9487406764554,154.50720101412344,28.066371840527047,1.5253138897671301,4.343987716165599
429,157.5193128667818,160.2836758975359,29.344296065967068,1.3688903394286767,4.177515600160655
430,166.93892876125238,166.15327382473254,30.67727802744104,1.2978324838760473,3.958132562054466
431,170.03398003984276,172.11506791815782,31.843076366355696,1.054623561473281,3.7055859100645763
432,179.11751091834074,178.16811674141434,33.0589862531882,1.0830805768629943,3.5237440219849065
433,184.0492911465465,184.31146444792194,34.37653865902661,1.0,3.2634530189792277
434,186.88232928016816,190.54414093186324,35.56116455425706,1.008440124322084,3.032225307721596
435,198.72175596450649,196.8651619813695,37.13051220244359,1.0307855247403572,2.7730448454394394
436,202.06352800832389,203.27352943394135,38.35721586369287,1.074723676173263,2.564699869155574
437,208.70043085732237,209.76823133406947,39.56231013853683,1.1821949136880814,2.317918170353573
438,214.20873727045674,216.3482420930361,40.42491817748454,1.3762480870690346,2.109643484638173
439,221.70395609748817,223.01252265086327,41.90009545095571,1.5829252493874801,1.8970270375466012
440,230.6158015217858,229.76002064039596,43.4508730288775,1.7488796900379366,1.7389512253080999
441,236.21118187161093,236.58967055348376,44.35291632304199,1.9994856764970403,1.5669592463313062
442,244.15771791379646,243.5003939092315,45.648609030269746,2.2921689030438235,1.3858946392643097
443,251.21494313216888,250.4910994243112,46.497665680149304,2.531308749947325,1.2571145910790216
444,260.2020064963389,257.5606831852826,48.001510427185636,2.9268174104037623,1.1463345345403542
445,264.02245652118796,264.70802882291673,48.80913668971272,3.2810834339960255,1.0906143290232946
446,268.9782920547908,271.93200768848226,49.882862019182014,3.7252175009851296,1.0185943544327967
447,281.3659238651187,279.23147903197474,51.15846614316643,3.9979881236136032,1.0
448,285.9423138380544,286.60529018224895,51.96705992069985,4.403252320006293,1.0219371814086795
449,296.28146161820047,294.05227672904573,52.58155657889004,4.8747367608767505,1.0336416182646673
450,302.3380169332261,301.57126270686115,53.382741289567086,5.310187418921214,1.1034833571133147
451,308.89878572023827,309.16106078064496,54.22167807952051,5.697617209902997,1.1696520550924232
452,317.5180242213918,316.8204724332992,55.09883774566664,6.149699315240884,1.318973581950554
453,328.4503132751852,324.5482881549326,55.710016065671915,6.63650450364199,1.476642160346071
454,336.49724869196655,332.34328763385906,56.320202683966166,7.03002345013399,1.619565064112464
455,340.3430022195633,340.20423994929774,57.202234734597496,7.491217999206768,1.8116953982896968
456,348.45028495238694,348.1299037657528,57.51550728675274,7.949016524110652,1.9753259995550614
457,358.27150784396065,356.1190275290279,58.37480663765395,8.413425461453471,2.2042168754414364
458,362.4790275983353,364.17034966386996,58.486495734271664,8.765065716178004,2.4105573587080174
459,372.9487395184158,372.28259877317925,59.12862790671629,9.115950982874068,2.6535102282113043
460,380.4027681428735,380.4544938387812,59.24655324287038,9.495444214121108,2.9056154138898505
461,389.31256084662857,388.6847444237135,59.61306160784807,9.883708082549354,3.134173510137559
462,395.30531326410176,396.9720508760006,59.57859190035187,10.220635418463344,3.3481823538846336
463,402.13596954726626,405.3151045338842,59.72046662605089,10.5808952306776,3.5811143681916318
464,409.56662106049276,413.71258793247534,60.0,10.826188753268543,3.8030373523918404
465,419.9284067858214,422.1631750118006,60.0,11.103133305166857,4.042315629342805
466,429.7481807563166,430.66553132619526,59.991235286272016,11.326897814042042,4.262359078536399
467,438.63193108173914,439.21831425503666,59.72180800755587,11.534465762876374,4.430765623301826
468,451.6946355396119,447.82017321475286,59.58243938215102,11.765523041320147,4.540741325999395
469,458.68173661191275,456.46974987209813,59.38650786590811,11.864879042838215,4.727012632565096
470,463.2414961259653,465.16567835864856,59.09228381282327,11.929227359910783,4.831977656400567
471,474.6020023913935,473.9065854864916,59.07391763777603,11.96412360877065,4.881109430775448
472,481.8769344923615,482.69109096506213,58.870118135021116,11.982659300154092,4.95899103086507
473,490.9490799430316,491.5178076191118,58.2877037087472,11.993847695990588,5.0
474,500.7559929065911,500.3853416077603,57.484292386439144,11.948307482148465,5.0
475,510.5306348785434,509.29229264459264,57.2745650514997,11.796664615454251,4.952571640108707
476,517.5587372510213,518.2372542187893,56.70577587615614,11.706896135425062,4.927761235384728
477,529.3465168826924,527.2188138172237,56.41991245261957,11.461929109443673,4.805618760048255
478,533.951676695233,536.2355531475179,55.21176739561454,11.355790687796894,4.727261093762694
479,545.2987264867301,545.2860483620055,54.64737628846296,11.149613708658118,4.615960157512614
480,559.564217735769,554.3688702825774,54.189711088238816,10.848929587850698,4.4446942225461665
481,563.928744111609,563.4825846263585,53.182894034475645,10.64472401675942,4.261900756856183
482,575.4921812454186,572.6257522322062,52.33675014318968,10.22159090124102,4.089622097269678
483,581.9799696443109,581.7969292879645,51.36325798183216,9.925264405197732,3.882479616244282
484,592.1562217491183,590.9946675584588,50.44809289247118,9.552077989066696,3.6667315880135143
485,600.1039482254093,600.2175146141947,49.5283202766251,9.166082011878075,3.4302077200500705
486,609.1231988983781,609.4640140607065,48.26578866175544,8.76429940093727,3.197387570837992
487,617.1737409750921,618.7327057685429,47.45888988950429,8.35680569096213,2.9536560689672564
488,628.8827288217518,628.0221261038367,46.027687111273465,7.957736161673881,2.7089570501856075
489,635.6277337810609,637.3308081594324,45.157951244997555,7.54072936145706,2.472828066982306
490,647.9884524591479,646.6572819865211,43.98134348681677,7.040759746861159,2.2419611420787047
491,658.1706488356633,656.0000748267715,42.680934783723416,6.625085780140646,2.0121089838179183
492,666.0907741593636,665.3577113448891,41.56411697702308,6.115409215826519,1.814542860801909
493,674.1562163944773,674.7287138615886,40.245906672335785,5.7275021955932015,1.6398910959829607
494,685.01953374556,684.1116025869426,38.93030288995404,5.225123826933134,1.4822925249222823
495,692.8875497429576,693.5048958540505,37.772202977454924,4.8662672107830165,1.3564881646244338
496,704.7782046039454,702.907110353015,36.37869894659046,4.489288646370639,1.2141569426055112
497,708.653949196742,712.3167613651723,35.299111388872284,3.9881992012651866,1.1351561485655752
498,721.061148261312,721.7323629975493,33.77441794864561,3.514316848997734,1.0683737685670935
499,727.1708044272486,731.1524284174966,32.742332449970924,3.2083558603092954,1.00851911418796
500,737.5853484270309,740.5754700874853,31.141821689346568,2.9296169437477735,1.0090168467170844
501,752.7277244596276,749.9999999999998,29.915055762662874,2.576664571533638,1.0130174584691891
502,761.2148998764577,759.4245299125143,28.587265939231777,2.265006490831201,1.0813085854155318
503,767.4086111159335,768.8475715825031,27.56323611280891,2.0242110658920156,1.14341484091896
504,775.2626300903693,778.267637002451,26.10261271907407,1.762171096646107,1.2149844462733566
505,781.7541809591439,787.6832386348273,24.717548160360096,1.5821523352594982,1.359384212905445
506,796.0058986311193,797.0928896469845,23.530510674264193,1.3939883582492045,1.5291909777361083
507,811.3359341704447,806.4951041459499,21.858675959203627,1.2761403672364604,1.670547348782699
508,816.7581659559844,815.8883974130571,20.90247187257071,1.1229244550440143,1.8676638424052188
509,824.1521415663119,825.2712861384109,19.960339431435244,1.074034064132169,2.073032767507038
510,835.5724490741117,834.6422886551111,18.45233220763852,1.0,2.266503451195962
511,840.8780084672393,843.9999251732281,17.236808228423218,1.0,2.517141451980572
512,852.7480712880827,853.3427180134779,16.12768691462265,1.1130542645950587,2.7229837812797184
513,862.8681467865994,862.6691918405679,15.025644737424372,1.1287690060733484,2.972563076442254
514,871.8056725925209,871.9778738961629,13.466742432260267,1.263527110412286,3.23639638647273
515,882.8489064748368,881.2672942314566,12.420469925063406,1.382624794413537,3.4607896274874013
516,891.2252763917659,890.5359859392938,11.644332084073692,1.5347142729332048,3.6795657884788207
517,901.119137422021,899.782485385805,10.48108966863209,1.7720667208663623,3.9097860538323688
518,907.6285878770792,909.0053324415408,9.798202427660437,2.0740491410930733,4.108288652701007
519,919.9987015288569,918.2030707120358,8.606653525238738,2.313696852527541,4.299690523663457
520,930.6321216630415,927.3742477677936,7.457567207480847,2.5259691611005075,4.481167796737513
521,934.5771163343377,936.5174153736405,6.694400629199699,2.9148020628092315,4.611274806735104
522,943.8557384059937,945.6311297174228,5.653715410898248,3.347536550991993,4.750568704129119
523,957.3855203106339,954.7139516379934,5.258903240554752,3.6420223467010486,4.848147603641979
524,963.3817588790916,963.7644468524818,4.541404298357847,3.9718848766135078,4.905540873753772
525,975.5888289669097,972.7811861827765,3.830817953446931,4.529333384284344,4.964547849040577
526,980.877674357426,981.7627457812104,3.4316361302034495,4.904260147377511,5.0
527,993.6177985079485,990.707707355407,2.8765988549276442,5.3083395854242035,4.997403605717362
528,999.877630025851,999.61465839224,2.151087136456745,5.738386532054789,4.935838230522056
529,1008.9986500275332,1008.4821923808879,1.3900798730925283,6.243619941958898,4.868807171059022
530,1020.4383450782774,1017.3089090349375,1.391230690308942,6.62772742229375,4.799519481274498
531,1025.3698735586202,1026.0934145135086,1.0258092004173611,7.143421643050279,4.708269457943198
532,1032.9520774495006,1034.8343216413505,0.6889816057593837,7.563279666705004,4.5417164970828034
533,1042.633121711845,1043.5302501279016,0.5466436361601742,7.988534117092568,4.401803182718449
534,1053.0844946865332,1052.1798267852469,0.038797648436441706,8.411861920315104,4.205482169138229
535,1057.650167600602,1060.781685744963,0.38654630010935526,8.813627336745673,4.008192340952403
536,1070.6094104791066,1069.3344686738044,0.0,9.261562124566789,3.767757368109079
537,1076.7592823529642,1077.8368249881996,0.11475211296564505,9.566097673447853,3.577311540140815
538,1088.5830373889912,1086.2874120675242,0.0,9.896133258814057,3.325662508926998
539,1089.8963748563144,1094.6848954661154,0.011929787470480291,10.322808231368782,3.1063634164435863
540,1101.4548175737914,1103.0279491239996,0.5401717389292651,10.635373373637723,2.842605248183237
541,1107.9423192738182,1111.3152555762863,0.49224750468918976,10.913819803330778,2.62094094468264
542,1117.8930472284903,1119.5455061612183,0.9330330613061022,11.166101715677124,2.392466285618725
543,1128.2127330290384,1127.7174012268206,1.1747131607252936,11.361147903237937,2.1625000540919803
544,1135.4711970852304,1135.8296503361298,1.511371926891157,11.59714543375751,1.9603917913627387
545,1143.3742173330756,1143.8809724709718,2.1747092750415375,11.7217219502489,1.7547257016343225
546,1151.5517264914874,1151.8700962342475,2.431862405782785,11.827126537560787,1.571053143363621
547,1160.2025365319419,1159.795760050702,2.7507317368743647,11.921550259947978,1.4471408435053974
548,1165.6396402822545,1167.6567123661407,3.500024680490534,12.0,1.3035098699942123
549,1176.8654111268656,1175.4517118450676,4.356879073495674,11.930410657927295,1.1654527466258162
550,1184.5048595074713,1183.1795275667005,5.036973357559241,11.997731525935151,1.1004344584056789
551,1191.6090150946668,1190.8389392193546,5.4944314312162765,11.851979526459072,1.0229709805187186
552,1199.5418041786415,1198.428737293139,6.419624304791092,11.820082920028218,1.0
553,1206.5405592725715,1205.9477232709542,7.285200375536526,11.676831516892356,1.018401469654829
554,1217.4648564232125,1213.3947098177503,8.205585655271463,11.445904329883318,1.0043569939481582
555,1220.5943326259203,1220.7685209680253,8.984013787325628,11.346459678123209,1.0988891856320044
556,1227.4538258748482,1228.0679923115174,10.066388374072474,11.085076240425343,1.163523189681498
557,1233.784916016368,1235.2919711770828,11.059967588490021,10.755013783367767,1.2725564043414324
558,1240.3747914735618,1242.4393168147176,12.3300253841325,10.582336078117086,1.4148360791820576
559,1247.0199570004863,1249.5089005756886,13.415099702002902,10.288927248908905,1.5730199683036843
560,1254.7220114643062,1256.499606090768,14.383608152665332,9.949023263650616,1.7279558746735593
561,1263.2689686832123,1263.4103294465165,15.488583807567888,9.539066706751223,1.9450967824141825
562,1270.9085696165992,1270.2399793596037,16.7382417156388,9.141671742543737,2.1451809090995053
563,1277.0897614662408,1276.9874773491365,17.790320662471686,8.790473887203646,2.3459813599532264
564,1282.1206873521046,1283.6517579069641,18.959714186538434,8.387242215176848,2.5926575188102383
565,1292.0321377939697,1290.2317686659298,20.230658524444802,7.935753201584256,2.852070438627065
566,1298.2052959106604,1296.7264705660584,21.535044844227368,7.413941074057858,3.0950464723339466
567,1302.8155414037867,1303.1348380186307,22.730509019319307,7.0145030739963765,3.31820909717994
568,1308.1500267788072,1309.4558590681365,24.21782489233364,6.575499550667741,3.522768567579602
569,1316.7853913937372,1315.6885355520776,25.602689677444882,6.03661763957351,3.7734620074383747
570,1322.2078304335582,1321.831883258586,26.56360062662253,5.681467386967576,3.9934396868442175
571,1324.9886775630118,1327.884932081842,28.120053720802986,5.312886559728488,4.192176533651573
572,1333.7107656632984,1333.8467261752671,29.40155643924781,4.815360368177329,4.376863939742922
573,1340.2403957266129,1339.7163241024641,30.805129166130676,4.427899586655791,4.534905517788695
574,1343.6934094129008,1345.4927989858763,32.06985995621658,3.969689855473599,4.67096583827819
575,1351.554925438832,1351.175238653157,33.16765165421468,3.5697759964855247,4.7817206518225195
576,1353.853100810695,1356.7627457812105,34.50367555637835,3.2178066744198923,4.855678951772646
577,1364.9268102379122,1362.254438037888,35.995712951769974,2.8217616746767202,4.955723978829892
578,1370.1453481914396,1367.6494482213207,37.43229406182399,2.491992075474882,4.992134711886483
579,1372.4418897282535,1372.9469243968595,38.218449768442795,2.283812517673651,5.0
580,1378.8729387072844,1378.1460300316062,39.8584998766185,2.0191231825423053,4.961608219263174
581,1378.4261001949112,1383.245944126511,41.2221798813335,1.685899560255647,4.94506873059796
582,1385.9331660254884,1388.245861346019,42.23651836065948,1.5574148501652931,4.8923838408491935
583,1392.5574343049348,1393.144992145239,43.53402685710489,1.3415836434520318,4.762415602657207
584,1395.7982968517726,1397.9425628946265,44.51204340962528,1.2193953982100014,4.63491619047827
585,1404.0666089674053,1402.637816002144,45.737333968947254,1.1202552807936739,4.491792668238954
586,1411.2246030943936,1407.2300100328976,46.619364307817634,1.0736596981970083,4.347789773018939
587,1409.365190387356,1411.7184198262146,47.58549799546269,1.005682388840046,4.11334552881825
588,1414.4274098019882,1416.1023366101585,49.11851972757751,1.0639270855851228,3.927077064905074
589,1420.8519648500676,1420.3810681134478,49.832606783868805,1.061668707514889,3.694209456222694
590,1427.7761709717772,1424.553938674778,50.8766333930536,1.152377257156589,3.470121932632358
591,1426.1755407244348,1428.6202893495147,51.661092484651775,1.2080222790953667,3.2428969498577973
592,1433.0775502583606,1432.5794780137467,52.539362003199116,1.4767074562159803,3.0256962782343977
593,1440.0734771673144,1436.4308794656881,53.56257730908437,1.5922342134004608,2.794268815576679
594,1436.8703672280442,1440.1738855244027,54.271388353872474,1.8178922372282527,2.539056706943758
595,1441.2457667121519,1443.8079051258435,55.18253685096347,1.972387174753402,2.298423391657675
596,1446.4851512032667,1447.3323644161883,55.89014157296523,2.280910622674642,2.12310751831679
597,1449.705530016748,1450.746706842459,56.51686423999728,2.6683522069200807,1.8739618762417642
598,1455.6755958159126,1454.0503932404054,57.09980889968536,2.9612108143853995,1.6824045378539645
599,1457.72622135929,1457.2429019196484,57.8436206517159,3.227755967396188,1.4935775598461718
600,1456.773804626774,1460.3237287460584,57.93635753708902,3.7217200809251163,1.3914378272365113
601,1464.3232080271666,1463.292387221365,58.52345525892416,4.05312140761923,1.2585105279542776
602,1464.993330785271,1466.1484085599823,59.08161382177823,4.542180733013745,1.1787407975040531
603,1471.4402361969144,1468.891341763032,59.425487154998024,4.9065014154766375,1.0465592327649083
604,1470.2655786166908,1471.5207536895646,59.2900916024582,5.3530921489827685,1.0417131409112466
605,1472.7629985587507,1474.0362291249553,59.66698945465115,5.834653450779878,1.0015182625564174
606,1477.5196340680825,1476.4373708464734,60.0,6.19893801900392,1.021646329052117
607,1480.2496526506793,1478.7237996860053,60.0,6.644234475856019,1.0222603354765052
608,1481.791353317805,1480.8951545899326,60.0,7.123972427623086,1.1342212607819566
609,1479.5798980413754,1482.951092676145,59.94603147520248,7.608590143546594,1.2160932632710142
610,1485.9673581680415,1484.8912892881851,59.842407702164735,7.958767398232544,1.3213688178720273
611,1484.6468219431677,1486.7154380465165,59.806673898897905,8.371698110899214,1.4731727707676703
612,1488.8938031200805,1488.423250896904,59.53148173572228,8.88485967834182,1.6154290749469464
613,1487.166989285103,1490.0144581559011,59.31165691388915,9.225600175118032,1.8011809547554825
614,1492.3814528485213,1491.4888085534353,59.021834438790314,9.613503209348893,2.0028231536733823
615,1491.2328714638736,1492.8460692724884,58.5442256131253,9.913526871720308,2.195981820091998
616,1491.5207566853371,1494.0860259858582,58.306242474708974,10.295990005499258,2.4617464633044355
617,1496.636123162971,1495.2084828900063,58.18945290229603,10.632703067490842,2.6995872687819027
618,1496.6965517793287,1496.2132627359751,56.957984740334616,10.952517977668853,2.908617224689551
619,1495.8722532545935,1497.1002068573794,56.69269534303484,11.13730888572636,3.1629355169273587
620,1500.0,1497.8691751954605,55.89809252164186,11.456180416139825,3.390059445270372
621,1497.638741478064,1498.5200463212036,55.41644815168832,11.551623949851425,3.629687629199349
622,1499.116932802455,1499.0527174545132,54.605546900762775,11.706935793931695,3.837177450487147
623,1500.0,1499.4671044804418,53.933990175541446,11.916104247751123,4.043116273718863
624,1498.5238100942177,1499.763141962475,53.171116190756806,11.947713521632721,4.266888143720845
625,1500.0,1499.940783152862,52.154256688410435,11.9655495602477,4.427079084244163
626,1498.9330953056706,1500.0,51.383011278858596,11.993208347682168,4.614971089802665
627,1499.1175065084296,1499.940783152862,49.90833955956245,12.0,4.719379406291867
628,1500.0,1499.763141962475,49.50614743998494,11.97178134217486,4.814373769426563
629,1497.385932375417,1499.467104480442,48.294168253622004,11.782973265574274,4.930224267331518
630,1494.2271567926541,1499.0527174545132,47.33464027119956,11.681013917794443,4.977623010742854
631,1500.0,1498.5200463212036,45.89182248764371,11.518824756049455,5.0
632,1500.0,1497.8691751954605,44.820937677943945,11.274833892572858,5.0
633,1496.2896683264808,1497.1002068573794,43.80928656276644,11.079018773651173,4.958085237587291
634,1492.3395866547348,1496.2132627359751,42.60001616895364,10.817873360051271,4.909442802000716
635,1494.5875149376143,1495.2084828900063,41.435833153855576,10.570892313365999,4.8250465834937915
636,1493.5135800861772,1494.0860259858584,40.32481488149826,10.254363251276073,4.698508097529077
637,1492.4662215904439,1492.8460692724884,38.64646440001573,9.84896760696707,4.57971289779909
638,1489.262032469592,1491.4888085534358,37.78919463125915,9.48722838325209,4.446966731408765
639,1491.173580440854,1490.0144581559011,36.361455584155394,9.136032391562452,4.2534234780145015
640,1489.4722656474762,1488.423250896904,35.03443606221327,8.682327092467908,4.034823309261988
641,1483.726626806878,1486.7154380465165,33.53932972177141,8.310846011447945,3.8218095538196186
642,1486.2896827515751,1484.8912892881854,32.523175647301244,7.853431944484461,3.6482212088355577
643,1487.0564626400371,1482.9510926761454,30.768589302443342,7.378771733538105,3.391125378506602
644,1481.239075254807,1480.8951545899329,29.908764782719082,6.933755340828619,3.146412733234393
645,1478.0491493618688,1478.7237996860058,28.268854579285986,6.581244733840477,2.913435341635934
646,1476.1533644176582,1476.4373708464732,27.18476928733719,6.068283319736454,2.6579806601597515
647,1475.2667426588926,1474.0362291249555,25.84841595386164,5.694169162885449,2.4686348983512945
648,1468.0594104785498,1471.5207536895643,24.739257813280012,5.167835289622824,2.2164086046988785
649,1469.2201231689867,1468.891341763032,23.24507889616651,4.768600755027825,2.0289016835693885
650,1465.3674806610566,1466.1484085599823,21.88881953621689,4.4328543141313625,1.8093670498215064
651,1466.9880372472774,1463.2923872213653,20.65349976435588,3.889468687124697,1.6471963069823556
652,1459.9753832784484,1460.3237287460584,19.674902809575485,3.4675938548686833,1.4663269120840066
653,1460.5786771418875,1457.2429019196484,18.339234540261096,3.2264266426958206,1.3338844773182643
654,1451.8429118448414,1454.0503932404054,16.99847413234277,2.7955191008536073,1.2143808656856545
655,1451.9212251760646,1450.746706842459,15.843415072045431,2.50587311867395,1.121023775627284
656,1447.971164943771,1447.3323644161887,14.493680963901102,2.188002442995447,1.0518532862855723
657,1442.0698106301145,1443.807905125844,13.666440728099696,1.9555002216929562,1.0059071205331984
658,1440.528677753677,1440.173885524403,12.255313253788415,1.6704617057498095,1.0292327901723173
659,1438.8559171393513,1436.4308794656881,11.57698107716537,1.4969455180855598,1.0064610497960726
660,1431.9318946051735,1432.5794780137467,10.464281479847386,1.3511087949553624,1.0678775131350107
661,1425.2363640511755,1428.6202893495151,9.821629592075467,1.156210411713089,1.1432882598482847
662,1424.5188130218232,1424.5539386747782,8.35688517628644,1.0673302074146132,1.250786738009517
663,1418.5762219238632,1420.3810681134482,7.606366323618515,1.016268150361603,1.3649788068641022
664,1415.4176547328311,1416.102336610159,7.034651349176435,1.0,1.525995343916663
665,1411.5552442868443,1411.7184198262146,6.1316988999173905,1.0,1.6896441165591871
666,1403.8187056008665,1407.2300100328976,5.083150964026183,1.058767875077882,1.8579666639501422
667,1399.406499323503,1402.6378160021445,4.503760660415268,1.11892909648997,2.0872772566257822
668,1398.906696565678,1397.942562894627,3.8024262591646547,1.2407262204065448,2.2890579699440408
669,1392.0995547528998,1393.1449921452393,3.227050655571192,1.4024526506970783,2.5078682574618583
670,1383.1163726623784,1388.2458613460194,2.51445031249721,1.562672287582365,2.7708898008198735
671,1384.8156321997276,1383.2459441265114,2.0933073629473555,1.8349457454146287,3.014398169466434
672,1378.690769542155,1378.1460300316066,1.4083998883143485,2.114435161878394,3.2531228271232866
673,1371.5191747487866,1372.9469243968595,1.2646148472589287,2.3177402052210967,3.4883816652936437
674,1365.0157877992044,1367.6494482213209,0.9637052063101151,2.6628067822512214,3.678706110051295
675,1363.9260538305173,1362.2544380378886,0.5702355165760187,2.9666139703942322,3.905026642583681
676,1357.4614470263318,1356.762745781211,0.12709214855815318,3.347115168577941,4.159618197341199
677,1355.9404432185252,1351.175238653157,0.3399404638274764,3.7725452489349474,4.302795191131181
678,1346.3331761833265,1345.4927989858766,0.12630356486217043,4.126283536897103,4.497385265697817
679,1340.4917303849886,1339.7163241024646,0.0,4.446987616744946,4.626453375424465
680,1333.5128703150503,1333.8467261752676,0.0,4.961287833405936,4.763188420513192
681,1329.5184838162438,1327.8849320818422,0.0,5.4280278142564535,4.852648799523046
682,1323.0820536610827,1321.8318832585865,0.017164768923338652,5.812911575441297,4.944217731193527
683,1318.1919855692086,1315.688535552078,0.25977595590900165,6.309185471305738,4.983937595473944
684,1308.4132132308616,1309.4558590681363,0.7515475985419972,6.6908780544240605,4.993041274462207
685,1302.2640230727425,1303.1348380186305,0.7551225039266368,7.1067268327676505,4.9734264312386856
686,1295.768264224235,1296.726470566059,1.2872214785910001,7.615018909574697,4.954293470728932
687,1291.8133721082884,1290.2317686659303,1.5063034197284153,7.974939376501962,4.86542213732343
688,1286.648506787558,1283.6517579069646,2.0750587603813986,8.461130295689612,4.796548360515123
689,1276.0697963628384,1276.987477349137,2.521555496050902,8.934576465398782,4.710574430459122
690,1269.390431904018,1270.2399793596041,3.2317273864568405,9.20320302504316,4.548681862214745
691,1264.038483894256,1263.4103294465162,3.630577897951328,9.606369706010971,4.374699812778142
692,1256.0080830907427,1256.4996060907686,4.135797811520757,9.973169329558255,4.178720586685901
693,1251.4130078819692,1249.5089005756895,4.874830669421066,10.345384003921879,3.950206388360226
694,1237.9357622334803,1242.4393168147185,5.760981804574929,10.641095842780777,3.7447964081549556
695,1233.638561083249,1235.2919711770828,6.458771957387609,10.991786716168553,3.5583312651049916
696,1226.5031596435942,1228.0679923115172,7.5581997134381105,11.224513246134437,3.294027874762297
697,1216.1278089432535,1220.7685209680258,8.320864028634062,11.425419097830735,3.057816222698651
698,1211.467432929013,1213.3947098177507,9.68277673088351,11.597990958161128,2.827278727793645
699,1204.1174110392626,1205.9477232709544,10.041770138140754,11.760497208149285,2.5777145529928926
700,1198.0265279841021,1198.4287372931399,11.346911562163045,11.827918126312406,2.3449098527298453
701,1193.0648710026755,1190.838939219355,12.197249477699923,11.97855800030193,2.1412835388244003
702,1182.689406264319,1183.1795275667002,13.376613680089683,11.94535680841523,1.9196098461792397
703,1173.3900844045252,1175.4517118450674,14.58802690755581,12.0,1.72799841424308
704,1167.5428032837146,1167.6567123661416,15.364048183730622,12.0,1.5514751853676692
705,1161.8941072935856,1159.795760050703,16.922050917990177,11.915343398068037,1.4155604582167054
706,1149.918178602018,1151.870096234248,18.370999400297688,11.799619357008067,1.271440874735195
707,1142.059822703129,1143.8809724709718,19.239627893847093,11.687053715862342,1.1639979993857548
708,1136.9467482546788,1135.8296503361303,20.589375588861607,11.386472777092703,1.0934815616540503
709,1127.2743289953587,1127.7174012268204,21.965180188449004,11.309569088551513,1.027513925602509
710,1120.8404755426377,1119.5455061612188,23.063724174698205,11.05749956893303,1.0
711,1111.2879619926966,1111.3152555762872,24.29141653414843,10.794143275832559,1.0114603569162997
712,1104.43127642018,1103.0279491240008,25.338316062874085,10.529916903129523,1.044427803752149
713,1092.614739238034,1094.6848954661152,27.085297162372843,10.177468432485533,1.0901798041964819
714,1086.2632427659478,1086.2874120675242,28.287468704079895,9.789112670206384,1.1787305815743432
715,1077.4154449594737,1077.8368249882,29.471116225791185,9.461090193533094,1.276872770539035
716,1066.902686825596,1069.3344686738042,30.961312278885515,9.081691184282695,1.4111289638135158
717,1057.654729849226,1060.7816857449634,32.17225211231709,8.678631916319054,1.5934494797239065
718,1053.551324855797,1052.1798267852478,33.49365088317872,8.2610601541254,1.7666456381641205
719,1042.828345363466,1043.530250127902,34.970058629262795,7.865007146294305,1.962511770089334
720,1032.7897610780556,1034.8343216413502,35.975120901397865,7.34001516981574,2.17047153917468
721,1025.9010566396616,1026.0934145135084,37.61779390785673,6.944617722177274,2.3893963362080513
722,1019.5649467496371,1017.3089090349386,38.52143208038034,6.540402132740077,2.630295709422433
723,1003.920716690145,1008.4821923808888,39.88518112443628,5.970710376021958,2.8704337688854746
724,996.6213810124337,999.6146583922404,41.50721810124399,5.601637308063972,3.108677178325245
725,988.8619344716162,990.7077073554068,42.60037064404481,5.131431233817136,3.330746280481837
726,984.6851035146515,981.7627457812108,43.63435559106066,4.709382569569817,3.5855824087244432
727,973.3463601486143,972.7811861827757,44.64074071412353,4.269224512617931,3.7926845067084547
728,965.2990813334047,963.7644468524823,45.83594468319703,3.8944744084795153,4.011988401256675
729,952.4336297997421,954.7139516379946,47.02905977099047,3.5880750821652034,4.205708821514136
730,943.3920579668829,945.631129717424,48.09351473552162,3.096924308390827,4.387054567566494
731,937.4130428070857,936.5174153736403,49.10908905301676,2.75614873036591,4.534493460554175
732,927.4907964296642,927.3742477677933,50.11594241898896,2.4309399292977365,4.696229983813642
733,919.3005483497645,918.2030707120363,51.047342827509716,2.258984043943614,4.844573392659465
734,908.629990459685,909.0053324415419,51.78136357633082,1.907004176395104,4.886806722199986
735,900.3387728387147,899.7824853858054,52.795798719019345,1.6905860936620793,4.957089914612174
736,890.8522241091044,890.5359859392943,53.841843979368655,1.4736772554496942,4.985084653768987
737,882.822829009627,881.2672942314571,54.284927376882784,1.2835973858998233,4.9918576335983476
738,873.591890460051,871.977873896162,55.19990414221414,1.1780858246437251,5.0
739,859.4294478517842,862.6691918405677,55.7947394264694,1.1873637131905352,4.918809878037808
740,848.8481809027974,853.342718013479,56.57364190438336,1.0823400245586154,4.845119876413927
741,846.0034159685323,843.9999251732293,57.08651659682055,1.0,4.725379209270264
742,837.0177388416354,834.6422886551115,57.901791245849644,1.0374702721977895,4.609888567246013
743,823.230040099384,825.2712861384107,58.238003202744764,1.0256939202551545,4.444609692477755
744,812.1687265999662,815.8883974130575,58.39260977064993,1.0715693210204367,4.307767211543129
745,806.6931737879647,806.4951041459503,59.06213336674024,1.3027974127816717,4.149859160931358
746,798.9545660996861,797.092889646985,59.16130507972309,1.462741264158234,3.8961668741395727
747,791.2784276796964,787.6832386348277,59.450380580169515,1.6463988074678504,3.657633998521533
748,779.3002321466549,778.267637002452,59.78630178510129,1.8066247950094458,3.467386502264345
749,768.1041381893309,768.8475715825023,59.81024616133565,2.070781839399527,3.2077727931897835
750,757.6382686693444,759.4245299125141,60.0,2.388967135504186,2.9998442151788636
751,750.0229025833415,750.0000000000002,59.88382349077299,2.6837729400845145,2.7380805756921136
752,739.976940679716,740.5754700874865,59.878146057455034,2.9870557583609814,2.4984589251207368
753,729.1222926060394,731.152428417497,59.78555264026296,3.2960463676058853,2.2778963720146015
754,725.8298742992764,721.7323629975498,59.65438311983193,3.744304807188766,2.0748029579537586
755,715.887098169317,712.3167613651727,59.70180876920831,4.1802564896306835,1.8562273565710858
756,705.1792077201263,702.9071103530155,59.37182230220394,4.502295060413454,1.6646229600775515
757,691.6631950584319,693.5048958540502,59.21794075810004,5.001853011582852,1.500429272460955
758,685.8216412355376,684.111602586943,58.92952687610146,5.425828581791916,1.336975455416852
759,676.0079666805856,674.7287138615898,58.007408174826374,5.886088282520548,1.2380515315970024
760,666.242802593297,665.3577113448889,57.690745065202535,6.338770545541901,1.1065036759149567
761,658.4994053608589,656.0000748267713,56.96838152648405,6.725229768971897,1.0544232892446008
762,647.9280242722441,646.6572819865215,56.44029845081138,7.135759759453306,1.0278564733701254
763,638.8108366320415,637.3308081594329,55.82319013924666,7.6218564889408755,1.0046271996518967
764,629.2959386705816,628.0221261038372,55.06976423782438,8.113898493238771,1.021020486108299
765,619.4142885845476,618.7327057685434,54.3323944305808,8.481264820678854,1.0515706003739789
766,605.8967918012792,609.4640140607075,53.683007714492696,8.88643889475456,1.1381946824674811
767,600.3847567690162,600.2175146141951,52.69076756758548,9.23650402765471,1.2293733576936603
768,589.8822836407603,590.9946675584586,52.12397943054744,9.755888153360644,1.342451308235427
769,579.2372473726842,581.7969292879643,50.941836063352824,10.073991752095816,1.4936188230874818
770,575.9893854708089,572.6257522322072,50.54200264161602,10.403328348631753,1.6565495053115493
771,566.9405753081303,563.4825846263589,49.05501202481613,10.716988223640259,1.8235726835215105
772,557.0873114831691,554.3688702825779,48.09868889695839,10.979232874271204,2.011529998516969
773,545.7964751957177,545.2860483620059,46.82376729613286,11.194562370706794,2.2533014719943094
774,538.9368033894236,536.2355531475183,46.17124929292122,11.41458675946937,2.481213790369587
775,527.2429201784271,527.2188138172235,44.949745348569216,11.588021695788019,2.7229073587598265
776,518.6428487725854,518.2372542187898,43.66425237279683,11.86045914386045,2.930210482160753
777,507.1053499036698,509.2922926445937,42.22924704748158,11.892209678358382,3.1691573719186654
778,501.1793242167591,500.3853416077614,41.25037620379267,11.930517108685935,3.4255494156637054
779,491.63857947596046,491.51780761911164,39.81637167878715,12.0,3.6475210725264997
780,480.08578673139306,482.69109096506196,38.950438294369285,11.957535561555337,3.841007296137746
781,473.80419126285886,473.9065854864921,37.582075824723724,12.0,4.0832512713850395
782,465.0062192309354,465.165678358649,36.19019411886968,11.874028179245045,4.242829472332775
783,460.0648722053878,456.46974987209853,34.51365860635946,11.817524685131515,4.431341184502933
784,449.6085998717807,447.8201732147539,33.42540240604727,11.701806330194959,4.62012279474628
785,439.24120513322003,439.2183142550371,32.362968335577975,11.501841854326793,4.758774805166246
786,431.1631059457972,430.66553132619504,31.124255326102514,11.284263426056617,4.8200746801632635
787,422.25159976800876,422.1631750118004,29.78939427522341,11.043073264050154,4.91410860678552
788,413.30675996288534,413.7125879324764,28.065642015203192,10.772249105828738,4.973111503852929
789,403.15025013910866,405.31510453388523,27.03438140048561,10.454801352950359,5.0
790,396.6699471207872,396.97205087600105,25.832003805904968,10.13672749313502,4.987330537658491
791,387.19254791040834,388.68474442371337,24.129810227590998,9.86635787191654,4.956082287130525
792,377.95386276093535,380.4544938387816,23.087131522396344,9.433247504354302,4.927032159025163
793,373.305042402274,372.28259877317896,21.852518294226737,9.016983565514954,4.811644953531089
794,364.9528789837368,364.17034966387035,20.505289722614048,8.621596758250226,4.715696918925128
795,352.54561250629274,356.11902752902887,19.029819360292475,8.265811912769944,4.546035470316348
796,347.88453449076343,348.1299037657537,18.03670856444567,7.816888583498015,4.406629951233698
797,342.19564272109744,340.2042399492976,16.837431185933692,7.3717437170038655,4.2052506723139365
798,334.46173511165154,332.3432876338589,15.690643029279576,6.892832475268966,4.017748449204985
799,326.5999618407035,324.548288154933,14.482293272740941,6.477182444360029,3.8348905127670863
800,316.89829884710315,316.8204724333002,13.384172058160747,5.979925204167073,3.5985711440901387
801,307.4709701247071,309.1610607806454,12.360486488873791,5.549999070788837,3.3630191804215577
802,299.4038650521454,301.57126270686155,11.382734776102094,5.1601572915981775,3.1198249255797044
803,294.7414865385468,294.05227672904607,10.256763312982802,4.726510635181281,2.889131175080372
804,287.3638502509791,286.6052901822488,9.26513840912432,4.234496624830855,2.6598736395648928
805,281.80614125518474,279.23147903197463,8.404582359100926,3.836630253133596,2.4379225328859784
806,274.1319669891673,271.93200768848317,7.208530522201882,3.489809231818583,2.159834366549476
807,264.4435715098553,264.70802882291764,6.717686222073197,3.1892176541177935,1.9741669820886625
808,255.0722714275612,257.5606831852829,5.840678964097945,2.700798143151683,1.7908865954993778
809,249.85288623028927,250.49109942431107,5.088077053115288,2.4706251521515434,1.606119404256596
810,243.93485629885294,243.5003939092319,4.515787195160332,2.1134638761493036,1.4525756830914256
811,236.1855040627053,236.5896705534841,3.41787726917686,1.8810291725515969,1.311574223373159
812,228.604232424241,229.7600206403963,2.804693815964074,1.6603528483306842,1.1881156942779205
813,223.51829228080342,223.01252265086362,2.583835398170986,1.4588114854177656,1.0956402056256749
814,215.34032661021567,216.3482420930369,2.0367990979843715,1.288485025867793,1.0377104412820541
815,208.5120991666186,209.76823133406936,1.6125773916364314,1.1789389449928724,1.0243544204784307
816,203.896435102548,203.27352943394112,1.1218703684158693,1.061537762330302,1.0
817,196.06117682111145,196.86516198136985,0.9507010636957904,1.0,1.0228303838749222
818,191.03234970982075,190.54414093186404,0.7071803031486568,1.031499756551122,1.0772044979472952
819,184.85787249362653,184.31146444792228,0.4130450019553123,1.044030598878406,1.1759512481107315
820,175.88925873923142,178.16811674141456,0.13185201932934393,1.0978354243894521,1.2524311012539895
821,171.15258567042721,172.11506791815805,0.0,1.0889191191746335,1.4005197213415888
822,169.0288277045658,166.15327382473288,0.1207148597812967,1.284616184730647,1.5567922023596361
823,157.9595168720672,160.28367589753577,0.19273362143363806,1.45666623157281,1.7103379028497934
824,150.2738921161827,154.50720101412378,0.16830857096083288,1.579156589753083,1.8994595949565056
825,145.10107104035814,148.82476134684316,0.05971432029461329,1.8440870415415376,2.1046317067701823
826,143.29547411194287,143.23725421878953,0.4704189411960208,2.0934336294085787,2.3253524172896
827,137.80739651817717,137.74556196211176,0.7334278846668003,2.4554871126661975,2.571174458076337
828,132.1153300678292,132.35055177867946,1.130024542466682,2.7699584620031974,2.797283746482287
829,129.48145526099788,127.05307560314088,1.1129298408445298,2.9629676654991024,3.0357406282702324
830,116.50830110218783,121.8539699683937,1.6141395569241745,3.4890038161499763,3.253267094914624
831,117.5459236223507,116.75405587348905,2.2187962310239167,3.733085472264902,3.489721797399285
832,114.87701505758888,111.75413865398173,2.6278638886105834,4.207575268119069,3.763296884271725
833,104.59944632497698,106.8550078547604,3.0171581351543453,4.62136987970785,3.944981130608032
834,101.29782408179364,102.05743710537342,3.864318798456358,4.969709808372826,4.139040692699589
835,95.85640016339869,97.36218399785594,4.556964791231487,5.466194205198974,4.358763079461173
836,90.98129787494761,92.76998996710267,5.200777206212775,5.8861133527367855,4.509121902246569
837,87.629056163739,88.28158017378507,5.985928192950688,6.360603914257293,4.65974341743326
838,86.75263395721092,83.89766338984191,6.7261023087849985,6.796750984985342,4.771674055500916
839,83.29370523752726,79.61893188655222,7.843507477631827,7.282553799087753,4.866389447499846
840,74.77418287514169,75.44606132522199,8.386801681788059,7.679993241370005,4.939414823378265
841,75.18983107861415,71.37971065048521,9.375488707724678,8.104691083066477,4.964363246718008
842,67.4916749402227,67.42052198625345,10.446636068002686,8.578932313918624,4.998673563617077
843,67.07650258771439,63.56912053431222,11.596054711445042,8.968419010612106,4.9908516517994
844,59.63951717629027,59.82611447559725,12.294679634428494,9.36828416851817,4.972310637673502
845,56.45421052624857,56.19209487415628,13.411625085506907,9.687305688390966,4.876305893580974
846,53.39858452909716,52.66763558381149,14.42309825132865,10.02552549109263,4.743775011108128
847,55.61100051627625,49.25329315754118,15.88378631882803,10.374286453768468,4.655828973963853
848,47.65217790928399,45.94960675959442,16.88857275699029,10.675836095395534,4.5531919590769565
849,41.34256902044881,42.75709808035174,18.201107478381303,11.007779867718483,4.3584311135522835
850,41.61426699449382,39.676271253942105,19.583177122746072,11.261185379757592,4.147456514150389
851,35.98394770446625,36.70761277863494,20.633258760634263,11.430266977624031,3.966163728285769
852,32.8720910742152,33.851591440017614,22.027632623800166,11.675118014344159,3.7302172870128674
853,32.92586095675237,31.108658236968154,23.22697648535576,11.819902324902124,3.4945378069579007
854,28.541417485978076,28.47924631043577,24.66464423845032,11.887072932996942,3.2757881009092453
855,26.5209227040682,25.963770875044588,25.93756048956306,11.920777875739786,3.044555089139408
856,23.5905995972574,23.562629153526814,27.072960546018404,12.0,2.7766537217275116
857,21.949366567205406,21.276200313994536,28.467372691596893,11.994482354829548,2.5518320680492432
858,19.95477720493954,19.10484541006724,29.968067190691382,11.9686340614675,2.3396921001475497
859,13.174973458443962,17.04890732385479,31.18971201063625,11.880235669800161,2.113283630078975
860,16.441856049034048,15.108710711814979,32.23817403838196,11.75249390774506,1.9177326259864165
861,11.320523113823002,13.284561953483603,33.85833971610477,11.588343878179796,1.701484811772187
862,8.692150831977468,11.57674910309629,34.90231174801654,11.497086589611033,1.5565356565620874
863,9.868719356381497,9.985541844098861,36.572090258155775,11.231965725452174,1.3748865694710366
864,8.679153453193361,8.511191446564453,37.79673659647763,11.145450545929531,1.2869833674094504
865,5.766918398367131,7.153930727511693,38.95473026869884,10.709233405541784,1.1310405687618619
866,7.576037729477507,5.913974014141559,40.18572253387422,10.403630643933534,1.061061113843943
867,2.107166777251906,4.79151710999372,41.3620180272498,10.149215738360173,1.0317495801296683
868,2.9728497664798463,3.786737264024964,42.704350445064094,9.840669547050325,1.0265988579202356
869,1.7300448727547502,2.8997931426207515,43.73177909322525,9.410899254252373,1.010953648478386
870,2.0376502638608645,2.130824804539543,44.980888640780655,9.040630957391576,1.0476444429297176
871,2.0376822480907553,1.479953678796278,46.20559400434779,8.53663629538622,1.100349754354059
872,0.0,0.947282545486928,47.088692786308876,8.161842356221731,1.172620719185776
873,1.9814608744705666,0.5328955195581102,48.14548001983957,7.713300701045089,1.294387819317394
874,0.36286277419445256,0.23685803752505308,49.08842477318873,7.2393691836983445,1.4214588247124835
875,0.0,0.059216847137918194,50.1003133317117,6.873340236867663,1.5805658312403894
876,0.0,0.0,50.93894413888012,6.329979647659227,1.7858140407895815
877,0.034578261279295724,0.059216847137918194,52.234867839097475,5.918372139182033,1.960350928883889
878,0.0,0.23685803752505308,53.26612738559287,5.504865165937317,2.193962064371843
879,0.32605529240872955,0.5328955195579965,54.033511300955574,5.054686843015763,2.393153581849493
880,0.8913176324263784,0.9472825454868143,54.354650606469576,4.674795806111506,2.6489992015238895
881,1.9310733578167532,1.4799536787963916,55.438565965793885,4.2544403198967125,2.8741554579897146
882,4.026124024236142,2.130824804539543,56.225436987423144,3.8763019295182053,3.141204196154909
883,0.6775833407855214,2.899793142620638,56.57557196729545,3.4867117919647566,3.3618703441780906
884,1.4427940782231472,3.7867372640247368,57.239749850830954,3.138609136806635,3.60737887412724
885,2.6048693942189547,4.79151710999372,57.45113224741299,2.7519785940501267,3.800952955393176
886,6.4918073484789725,5.913974014141559,58.26643349382323,2.4482645454096956,4.025012586746781
887,9.64382548480447,7.153930727511579,58.48640238298406,2.167755454404619,4.206758057803974
888,7.648512570085546,8.511191446564567,59.03998988555977,1.8931546752322084,4.395186782937567
889,4.982142155779666,9.985541844098975,59.08386326871742,1.642551027136223,4.557427288812348
890,8.168763377875084,11.576749103095835,59.65076658814154,1.4483757172956633,4.688213352699633
891,11.61848850789124,13.284561953483262,59.91711794074831,1.2658019886928114,4.794424706380791
892,13.993252936824321,15.108710711814751,59.78250086176361,1.1868842256039476,4.879207715817435
893,16.232130069345565,17.04890732385502,59.808145792006115,1.0733152500046776,4.926015534675304
894,19.18200765602896,19.104845410067128,59.676004369301616,1.0,4.978051824490721
895,20.652707652349413,21.27620031399431,59.92214666806924,1.0,5.0
896,25.6613083746134,23.562629153526586,59.779619847950144,1.0,4.950279282744248
897,24.61173626368174,25.963770875044474,59.48118985904734,1.1086303261553656,4.90158896728324
898,26.754610391484114,28.4792463104352,59.57130896330671,1.1618288654429287,4.869467492407624
899,32.06640931400919,31.108658236968267,59.16831062631761,1.2489963068505012,4.727320694178035
900,30.780307300165603,33.85159144001784,58.7503499549035,1.4754586840137573,4.611223991497133
901,37.48699618927471,36.70761277863471,58.44850962800852,1.6140273132319296,4.4627163387848485
902,39.88137762139407,39.676271253941536,58.257192283285185,1.8059446151269314,4.289008441344805
903,42.46221310051529,42.757098080351625,57.697395962539346,2.1597383933458834,4.064017501983322
904,49.126158973892714,45.94960675959419,57.04451487182134,2.3833043591481062,3.875696872305398
905,48.00887826695151,49.25329315754095,56.561602545818346,2.701638473531901,3.6346852123948934
906,56.78823192485942,52.66763558381126,55.64812401666031,3.058066793808268,3.466069105093298
907,55.74123197570031,56.19209487415651,55.130696716373315,3.463510607555077,3.1697548701304203
908,57.272081585656565,59.826114475597024,54.40292328256578,3.8005484822196336,2.9395070918772794
909,63.70895969630107,63.56912053431142,53.518177487823735,4.151727933200115,2.701799745507479
910,65.26803158561557,67.4205219862531,52.81617620905523,4.636732106780666,2.461165541573177
911,69.87619895485855,71.37971065048555,51.75199380444576,5.023431450517432,2.2774616738552287
912,76.24012792525264,75.44606132522165,51.021435675970665,5.555918623582574,2.0776407905426595
913,80.73009606385213,79.61893188655188,50.0631348387573,5.924726329527454,1.831945978087613
914,82.65332798933316,83.89766338984168,48.53953087528921,6.283574861153666,1.6335794324028414
915,90.25639046387765,88.28158017378485,48.1156953472521,6.836323055058681,1.4533042336497615
916,95.08500548314403,92.76998996710176,46.405356450761005,7.346717210869843,1.3382080801368792
917,100.23478751098217,97.3621839978556,45.66283154500543,7.773747595815161,1.215738962235759
918,103.11626391962521,102.05743710537377,44.77130597689859,8.217653247148034,1.1146607661346073
919,109.58186527893203,106.85500785476063,43.403903473913225,8.526363763099,1.0583949450192085
920,107.99254179803259,111.7541386539807,42.03954434472014,9.01259527973132,1.019331631879082
921,116.11824277623178,116.75405587348871,40.879676021282926,9.339673363251377,1.0048587802227789
922,120.11995945574651,121.85396996839336,39.96067675159643,9.750840756519963,1.0103485582305913
923,127.29152732539532,127.05307560314054,38.26235219451703,10.04264986879169,1.0418987764099672
924,131.20765334028565,132.35055177867912,37.447325589006546,10.395526092317857,1.1393812139201218
925,137.41324627821277,137.74556196211222,35.98303410057586,10.695842990364383,1.2271797266579278
926,147.00160397919728,143.2372542187892,34.514174651640744,11.032264747422364,1.3631540837379965
927,148.48532175400126,148.82476134684202,33.298224285359204,11.27179885320526,1.508006397748707
928,155.33478564850307,154.50720101412264,31.91921712026706,11.462684960480175,1.6425622924082643
929,159.81913723768764,160.2836758975361,30.883836643429014,11.576419334899802,1.829128113857458
930,166.30470040064608,166.15327382473242,29.544410980002265,11.762584147619702,2.042421938339492
931,172.12710127902986,172.1150679181577,27.85841024403925,11.854643808201347,2.254494269125994
932,179.06476487336053,178.16811674141422,26.741126553964335,11.992809696226935,2.5086368104262498
933,186.64207951901616,184.31146444792182,25.363754477025868,12.0,2.73670317746889
934,193.83892892706933,190.54414093186267,24.38754245374329,12.0,2.9858697782777477
935,197.48440214518774,196.8651619813694,22.702515221569467,11.92930093658695,3.2137136472390835
936,204.4526232060129,203.2735294339417,21.87090118452602,11.777374534907107,3.4463229048443873
937,207.46650231569856,209.7682313340697,20.36669749485629,11.707802533280393,3.6903071620005785
938,216.1724886082043,216.34824209303554,18.95744883790671,11.691673566624399,3.898904970027732
939,224.89310158062932,223.01252265086214,17.811215800988798,11.44084612616623,4.099732991824531
940,231.49195791723017,229.76002064039585,16.597010242717733,11.215901877103933,4.312130762226889
941,237.01289001907375,236.58967055348364,15.356197016646426,11.06902526158971,4.464502371418171
942,245.27318182836729,243.50039390923138,14.419703750338273,10.78128445742732,4.6102379492151435
943,251.4726328422991,250.49109942431147,13.109544172750564,10.43080444800894,4.731277725709834
944,259.9612957018012,257.5606831852825,11.887240463857458,10.091034166290187,4.858609202850079
945,265.2867471368304,264.70802882291616,11.112307690651704,9.74640624137383,4.944531523476885
946,271.22061105733957,271.93200768848163,9.890215610827688,9.388014062900409,4.975713036490697
947,279.9031615458412,279.23147903197514,9.077576695405636,9.05096960001672,5.0
948,280.7441014305438,286.60529018224935,8.124040661098146,8.595323104896389,4.963191486066723
949,294.81804820181566,294.05227672904556,7.2417761671130405,8.185063035307717,4.957452094683464
950,294.2744370564304,301.57126270685995,6.828420147940895,7.769347552198029,4.89534889368839
951,305.7141339658341,309.1610607806449,5.73795190382701,7.234192263920986,4.7957233675988125
952,317.7240096351805,316.8204724332985,5.01445264295415,6.864368653380903,4.727347188796036
953,325.503346829466,324.54828815493244,4.007740569739058,6.3733579797003355,4.551477954251333
954,330.0184300735796,332.34328763385946,3.5224162242377375,5.836229372405702,4.385137354905464
955,338.78003586554024,340.20423994929814,3.050137847500052,5.40723385959319,4.2106210209250134
956,350.8709857429803,348.12990376575203,2.3136818925436473,5.013842482123365,3.981940262324414
957,355.1509672658819,356.1190275290272,2.1063411528293567,4.647661015083113,3.7879299699088236
958,368.65619028867576,364.1703496638698,1.3467111624060213,4.215302321788418,3.5900438419681207
959,372.278759066827,372.28259877317964,1.0962149320376482,3.8177283069317554,3.3336391082810097
960,381.27056619254364,380.4544938387811,0.7191369245398664,3.5059296264855906,3.093534630828459
961,391.91849322070993,388.68474442371274,0.5560305770466188,3.0151518101879695,2.8869966836067182
962,397.23410510838727,396.9720508760004,0.21664293114214722,2.7257405386413027,2.6507318467906367
963,403.3104165725019,405.31510453388347,0.11083544650036863,2.4250977598901513,2.406915052307717
964,413.49313302908604,413.7125879324746,0.012533982964057944,2.096805115926013,2.1694184286252414
965,422.09195353942084,422.163175011801,0.0,1.8698895662436281,1.9614640935295666
966,427.93604802179254,430.66553132619566,0.08756726930261756,1.5781407771952611,1.756537090074836
967,438.7066501123549,439.21831425503655,0.12099124840719111,1.5043101713806712,1.5747496535727452
968,446.33578902675725,447.8201732147521,0.2002297711176155,1.2601125498395442,1.4151526486887862
969,458.31846538647284,456.46974987209796,0.3348529237446667,1.2428548673301336,1.2850326904041862
970,465.2349021070189,465.1656783586484,0.7620544748138024,1.0701188437435651,1.1665475349943868
971,473.3409939881963,473.90658548649145,0.907130029568905,1.0585574826220892,1.0722554932634774
972,482.47872710381745,482.6910909650626,1.2526338600611593,1.0,1.0397519849305814
973,491.96405165592466,491.5178076191123,1.7259874276972544,1.0180324095170683,1.0086803212360722
974,501.61897000713907,500.3853416077595,2.4311334024057607,1.0516981074567415,1.0277698319863
975,507.2928681872531,509.29229264459184,2.495767448246931,1.171795641476369,1.0177668585801496
976,516.1540789535466,518.2372542187891,3.3852828083072564,1.3072830425760715,1.0858414057965644
977,529.4281722480292,527.2188138172241,3.610511685728514,1.425435767453203,1.1670094196996477
978,535.4108794031083,536.2355531475177,4.602252891181696,1.6476760869355205,1.2655890101840515
979,542.4523641768116,545.2860483620053,5.530284495288396,1.8564683063779734,1.4122741978596252
980,555.2564957013435,554.3688702825773,6.139467092512884,2.2318542298586896,1.5672101284901658
981,564.4093242384237,563.4825846263583,6.910196478507218,2.4243478322897256,1.7355263463223525
982,569.5643217176919,572.6257522322053,7.663679397517304,2.804968846929407,1.919883500961169
983,582.2558927188921,581.796929287965,8.658586763794677,3.075608318182099,2.126778709353688
984,592.465833743316,590.9946675584592,9.563589216016888,3.456860526728039,2.3324026988975235
985,600.9662875176069,600.2175146141944,10.470424661726788,3.7770515185584226,2.570818649697362
986,610.7279770282286,609.4640140607057,11.569307048089312,4.2132448086679055,2.8095029382125425
987,615.9241675723613,618.7327057685428,12.702576071425792,4.655899897069866,3.0404779829578534
988,628.684206413829,628.0221261038366,13.651279875913996,5.13962234130311,3.301624739051443
989,636.7255686404912,637.3308081594322,14.770361677824358,5.5232593991009535,3.5464639860489586
990,645.6917016690716,646.6572819865208,15.841431142037518,6.0144990578063275,3.7408590256498733
991,657.7411860456115,656.000074826772,17.28523000696127,6.433156027154347,3.973957113322333
992,668.3162603662367,665.3577113448883,18.51427872097311,6.921616159901408,4.155615799472839
993,678.3174539707885,674.7287138615878,19.695461371399936,7.300774333823618,4.351304854223915
994,686.7412183299541,684.1116025869424,21.05371748492607,7.840005420539832,4.510974313784089
995,693.2854274907905,693.5048958540509,22.187934956865217,8.157943338543955,4.674152459074713
996,703.6125506790676,702.9071103530149,23.514504398708624,8.568478515357157,4.775034276368718
997,713.8504071087407,712.3167613651722,24.794883844587417,8.95851532922844,4.8950709020031855
998,721.974718896148,721.7323629975491,26.03933822431888,9.491222398232335,4.944130154674456
999,731.4139567933195,731.1524284174964,27.28484082925837,9.802499125265637,4.978265128202786
1000,742.2229763512368,740.5754700874844,29.013079342832764,10.106293232288595,4.981103927518292
